id,title,category1,T5_rank,T5_S_scale,T5_S_score
20732379,বাস-ট্রেন-লঞ্চে অতিরিক্ত যাত্রী পরিবহন করলেই ব্যবস্থা-স্বরাষ্ট্রমন্ত্রী,রাজনীতি,1,1.0,100.0
20729941,"

আ’লীগ দেশকে দাসত্বের দিকে নিয়ে গেছে : আমিনুল হক
",রাজনীতি,1,1.0,100.0
20725414,"

দক্ষিণ কোরিয়া যাচ্ছেন সিইসি হাবিবুল আউয়াল
",রাজনীতি,1,1.0,100.0
20730021,সন্ত্রাস ছাড়া সরকার টিকতে পারবে না: গয়েশ্বর,রাজনীতি,1,1.0,100.0
20725412,"

 উপজেলা নির্বাচন বিধি সংশোধন চায় সাংস্কৃতিক মুক্তিজোট
",রাজনীতি,1,1.0,100.0
20730023,নির্যাতন করে বিএনপিকে দমিয়ে রাখা যাবে না: আমিনুল,রাজনীতি,1,1.0,100.0
20730026,খালেদা জিয়াকে হাসপাতালে দেখতে ফখরুল-আব্বাস,রাজনীতি,1,1.0,100.0
20730202,"

ইসরাইলে আল জাজিরা বন্ধ করতে চাচ্ছেন নেতানিয়াহু
",রাজনীতি,1,1.0,100.0
20725737,ছাত্রলীগ জোর করে বিশ্ববিদ্যালয় দখলের চেষ্টা করছে,রাজনীতি,1,1.0,100.0
20725726,কুমিল্লায় বিএনপি’র ইফতার মাহফিল অনুষ্ঠিত,রাজনীতি,1,1.0,100.0
20725739,ঝাঁঝালো বক্তব্য দিয়ে রাজনীতিতে নামলেন সুনীতা কেজরিওয়াল,রাজনীতি,1,1.0,100.0
20726937,"

তুরস্কে স্থানীয় নির্বাচন : ইস্তাম্বুল ও আংকারায় বিরোধীদের জয়ের দাবি
",রাজনীতি,1,1.0,100.0
20730206,"

লাভলী রহমানের মৃত্যু, বিএনপির শোক
",রাজনীতি,1,1.0,100.0
20730208,"

আওয়ামী লীগ রাষ্ট্রীয় ক্ষমতা সম্পূর্ণ কুক্ষিগত করে ফেলেছে : সালাম
",রাজনীতি,1,1.0,100.0
20725392,"

বকশিগঞ্জে স্বামী-স্ত্রীর ঝগড়া থামাতে দায়ের কোপে মা নিহত 
",রাজনীতি,1,1.0,100.0
20730215,ইতিহাসের পাতায় ‘স্বৈরশাসক’ হিসেবে আরওয়ামী লীগের নাম লিপিবদ্ধ থাকবে : সালাম,রাজনীতি,1,1.0,100.0
20725743,‘ইন্ডিয়া জোট আমি তৈরি করেছি নামটাও আমার দেয়া ভোটের পর ওটা দেখে নেবো’,রাজনীতি,1,1.0,100.0
20725388,"

 সৈয়দপুর পৌর মেয়রের অপসারণ দাবি
",রাজনীতি,1,1.0,100.0
20730650,"

ভুয়া ও এই ডামি নির্বাচন জনগণ প্রত্যাখ্যান করেছে : সাবেক স্বরাষ্ট্রমন্ত্রী
",রাজনীতি,1,1.0,100.0
20730204,"

লেখাপড়ার স্বার্থে রাজনীতি বন্ধ রাখবে কি না এ সিদ্ধান্ত বুয়েটের : গয়েশ্বর রায়
",রাজনীতি,1,1.0,100.0
20729938,"

গোবিন্দগঞ্জে সড়ক দুর্ঘটনায় নিহত ৪ পরিবারকে জামায়াতের আর্থিক সহায়তা প্রদান
",রাজনীতি,1,1.0,100.0
20727108,তুরস্কের স্থানীয় সরকার নির্বাচনে এরদোগানের প্রার্থীদের পরাজয়,রাজনীতি,1,1.0,100.0
20727110,"বিক্ষোভে উত্তাল ইসরাইল, নেতানিয়াহুর পদত্যাগ দাবি",রাজনীতি,1,1.0,100.0
20725454,"

সরকার জিয়াউর রহমানের নাম মুছে ফেলার চক্রান্ত করছে : মির্জা ফখরুল
",রাজনীতি,1,1.0,100.0
20728696,"বেনজীরের সম্পদ বিস্ময়কর বিষয় নয়, এই রকম ঘটনা এখন স্বাভাবিক",রাজনীতি,1,1.0,100.0
20725457,"

রাজাপুর থানায় সাংবাদিককে লাঞ্ছিত করার প্রতিবাদে মানববন্ধন
",রাজনীতি,1,1.0,100.0
20725446,"

তুরস্কে প্রধান নগরীগুলোতে জয়ের পথে বিরোধী দল
",রাজনীতি,1,1.0,100.0
20729613,কেজরিওয়ালকে ২ সপ্তাহের জন্য জেলে পাঠালো আদালত,রাজনীতি,1,1.0,100.0
20725458,"

পান্নুন হত্যাচেষ্টা : তৃতীয় পক্ষের পরামর্শ নাকচ করল ভারত
",রাজনীতি,1,1.0,100.0
20729614,"‘মোদি থামবে না, দুর্নীতির বিরুদ্ধে অভিযান চলবে’",রাজনীতি,1,1.0,100.0
20725441,"

তুরস্কে স্থানীয় নির্বাচনে ভোট গ্রহণ
",রাজনীতি,1,1.0,100.0
20725460,"

সরকারি অনুষ্ঠানে লাল গালিচা নয় : শাহবাজ
",রাজনীতি,1,1.0,100.0
20725439,"

জামায়াত-অজামায়াত কিছুই বুঝি না, বুঝি প্রার্থী প্রার্থীই : ইসি রাশেদা সুলতানা 
",রাজনীতি,1,1.0,100.0
20725438,"

সোহেল ও অমিতসহ বিএনপির ৫২ নেতা কারাগারে
",রাজনীতি,1,1.0,100.0
20728165,"

৯ এপ্রিলের ছুটির সুপারিশ নাকচ
",রাজনীতি,1,1.0,100.0
20725464,"

খালেদা জিয়াকে চিকিৎসা জন্য বিদেশে পাঠানোর আহ্বান জামায়াতের
",রাজনীতি,1,1.0,100.0
20728164,"

দ্বিতীয় ধাপে ১৬১ উপজেলা নির্বাচনের তফসিল ঘোষণা
",রাজনীতি,1,1.0,100.0
20728163,"

যুদ্ধবিরতির আলোচনায় প্রতিনিধিদল পাঠানো নিয়ে দ্বিধাদ্বন্দ্বে হামাস
",রাজনীতি,1,1.0,100.0
20728161,"

নির্বিঘ্নে ভোট দেয়ার পরিবেশ নিশ্চিতে আন্দোলন থেমে নেই : রিজভী
",রাজনীতি,1,1.0,100.0
20729928,"

সরকার ত্রাসের রাজত্ব কায়েম করে নাই : কাদের
",রাজনীতি,1,1.0,100.0
20727271,যশোরে বিএনপির ৪৩ নেতাকর্মীকে কারাগারে প্রেরণ,রাজনীতি,1,1.0,100.0
20725427,"
বিভিন্ন ইসলামী দলের বিবৃতি  
পাঞ্জাবির লোগোতে সমকামীদের চিহ্ন ক্ষমার অযোগ্য অপরাধ 
",রাজনীতি,1,1.0,100.0
20725795,বুয়েটে জঙ্গি রাজনীতির প্রমাণ পেলে অ্যাকশন,রাজনীতি,1,1.0,100.0
20725383,"

নাঙ্গলকোট পৌরসভা বিএনপির ইফতার মাহফিল
",রাজনীতি,1,1.0,100.0
20730207,"

বিএনপির আইন সম্পাদকের বাবার মঙ্গলবার তৃতীয় মৃত্যুবার্ষিকী
",রাজনীতি,1,1.0,100.0
20725763,"‘ভোটে আমরা হারিনি, ম্যাকানিজম করে হারানো হইছে’",রাজনীতি,1,1.0,100.0
20731585,"

শান্তিকামী মানুষের আন্দোলন বন্দুক দিয়ে থামিয়ে রাখা যায় না : ড. মঈন খান
",রাজনীতি,1,1.0,100.0
20725749,গভীর রাতে খালেদা জিয়াকে হাসপাতালে ভর্তি,রাজনীতি,1,1.0,100.0
20731587,"

ইসরাইলের সাথে সমন্বয় করে গাজায় বাহিনী পাঠিয়েছে ফাতাহ, অভিযোগ হামাসের
",রাজনীতি,1,1.0,100.0
20725781,‘গণতন্ত্র পুনরুদ্ধার না হওয়া পর্যন্ত আমাদের সংগ্রাম চলছে চলবে’,রাজনীতি,1,1.0,100.0
20731589,ক্যাম্পাসের ভিন্ন মতালম্বী সংগঠনকে কাজ করতে দিচ্ছেনা ছাত্রলীগ: শিবির সভাপতি,রাজনীতি,1,1.0,100.0
20731590,ইসলামের বিরুদ্ধে সিন্ডিকেটভিত্তিক অপপ্রচার চলছে: চরমোনাই পীর,রাজনীতি,1,1.0,100.0
20725780,কর্মচারী আইন শিথিল নয় সম্পদের হিসাব দাখিল বাধ্যতামূলক করতে হবে,রাজনীতি,1,1.0,100.0
20732365,"

কেজরিওয়ালের গ্রেফতার কি ভারতের বিরোধী জোটকে এককাট্টা করতে পারবে?
",রাজনীতি,1,1.0,100.0
20725778,"ভোটের পরিবেশ সৃষ্টি হয়েছে, আরও হবে: রাশেদা সুলতানা",রাজনীতি,1,1.0,100.0
20732367,"

বিরাজনীতিকরণের নামে বুয়েটকে জঙ্গিবাদের আখড়া বানানো যাবে না : পররাষ্ট্রমন্ত্রী
",রাজনীতি,1,1.0,100.0
20732370,"

কেজরিওয়ালের গ্রেফতার কি ভারতের বিরোধী জোটকে এককাট্টা করতে পারবে?
",রাজনীতি,1,1.0,100.0
20725352,"
৯ এপ্রিল ছুটির সুপারিশ  
সরকারের অভিযোগ আমলে না নিলে ফেসবুক ও ইউটিউব বন্ধ
",রাজনীতি,1,1.0,100.0
20732372,"

এই সরকার জনগণের ভোটে নির্বাচিত নয় : প্রিন্স
",রাজনীতি,1,1.0,100.0
20725350,"

কায়রোয় আবার গাজার যুদ্ধবিরতি আলোচনা শুরু
",রাজনীতি,1,1.0,100.0
20725349,"

খালেদা জিয়া সিসিইউতে
",রাজনীতি,1,1.0,100.0
20732378,শিক্ষাঙ্গনকে কলুষিত করেছে ছাত্রলীগ: এবি পার্টি,রাজনীতি,1,1.0,100.0
20725770,রায়পুরা আওয়ামী লীগের ইফতার ও দোয়া মাহফিল,রাজনীতি,1,1.0,100.0
20725346,"

বুয়েটে জঙ্গিবাদের মতো কিছু পাওয়া গেলে অ্যাকশনে যেতে হবে : কাদের
",রাজনীতি,1,1.0,100.0
20725771,২ চেয়ারম্যান প্রার্থীকে সরে দাঁড়াতে এমপি’র নির্দেশ,রাজনীতি,1,1.0,100.0
20725344,"

যারা ভারতের দালালি করে তাদেরকে প্রতিরোধ করতে হবে : মাওলানা জালালুদ্দীন 
",রাজনীতি,1,1.0,100.0
20725772,বন্ধু রাষ্ট্রের সহযোগিতায় ক্ষমতায় এসেছে আওয়ামী লীগ- মঈন খান,রাজনীতি,1,1.0,100.0
20725342,"

ছাত্র রাজনীতির বিপক্ষে যারা কথা বলে তারা উগ্রবাদী শক্তি : বাহাউদ্দিন নাছিম 
",রাজনীতি,1,1.0,100.0
20732376,বুয়েটের ছাত্রদের সঙ্গে অন্যায় হলে ছাত্র-শিক্ষক-অভিভাবকদের নিয়ে রাজপথে নামবো: নুর,রাজনীতি,1,1.0,100.0
20732377,আদালতের রায়ে আবরারের হত্যাকারীদের উৎসাহিত করা হয়েছে : রিজভী,রাজনীতি,1,1.0,100.0
20725339,"

গণমাধ্যমকে দেশের ইতিবাচক দিক তুলে ধরতে হবে : পররাষ্ট্রমন্ত্রী
",রাজনীতি,1,1.0,100.0
20725782,শৈলকুপায় নদী দখল করে যুবলীগ নেতার ইটভাটা-পুকুর খনন,রাজনীতি,1,1.0,100.0
20731579,"

৭ জানুয়ারির ভোটে আওয়ামী লীগের খরচ পৌনে ৩ কোটি টাকা
",রাজনীতি,1,1.0,100.0
20725451,"

অব্যাহত রুশ হামলার মুখে আরো সহযোগীকে বরখাস্ত জেলেন্সকির
",রাজনীতি,1,1.0,100.0
20730872,বেপরোয়া গাড়ি চালানোর কারণে দুর্ঘটনা বাড়ছে: জামায়াত,রাজনীতি,1,1.0,100.0
20731575,"

ক্যাম্পাসগুলোতে ভিন্ন মতালম্বী সংগঠনকে কাজ করতে দিচ্ছে না ছাত্রলীগ : শিবির সভাপতি
",রাজনীতি,1,1.0,100.0
20725373,"

দিল্লিকে পূর্ণ রাজ্যের মর্যাদাসহ কেজরিওয়ালের নির্বাচনী ছয় প্রতিশ্রুতি
",রাজনীতি,1,1.0,100.0
20725785,কিশোরগঞ্জে মনি হত্যা মামলা তুলে নিতে হুমকি,রাজনীতি,1,1.0,100.0
20725374,"

পাকিস্তানে দাঙ্গার ঘটনায় ৫১ জনের ৫ বছর করে কারাদণ্ড
",রাজনীতি,1,1.0,100.0
20725789,‘সরকারের অবৈধ কর্মকাণ্ডের বিরুদ্ধে সাংবাদিকদের কলাম বিরামহীনভাবে চালাতে হবে’,রাজনীতি,1,1.0,100.0
20730869,আদালতের রায় আবরারের হত্যাকারীদের উৎসাহিত করেছে: রিজভী,রাজনীতি,1,1.0,100.0
20725788,কলাপাড়ায় আওয়ামী লীগ নেতার চাঁদা দাবির অভিযোগ,রাজনীতি,1,1.0,100.0
20725741,লিটারে ২ টাকা ২৫ পয়সা কমলো ডিজেল ও কেরোসিনের দাম,অর্থনীতি,2,0.875,87.5
20728689,"

শায়েস্তাগঞ্জে ট্রেনের ধাক্কায় নিহত ১
",অর্থনীতি,2,0.875,87.5
20728697,বাস ভাড়া কমতে পারে কিলোমিটারে ৩ পয়সা,অর্থনীতি,2,0.875,87.5
20725783,মশিউর হত্যায় জড়িতদের শাস্তির দাবিতে মানববন্ধন,অর্থনীতি,2,0.875,87.5
20725800,সাতক্ষীরায় খাদ্যবান্ধব কর্মসূচির ১৭ বস্তা চাল উদ্ধার,অর্থনীতি,2,0.875,87.5
20725754,১২০০তম উপ-শাখার মাইলফলক অর্জন করলো আইএফআইসি ব্যাংক,অর্থনীতি,2,0.875,87.5
20725753,মার্কিন দূতাবাস প্রতিনিধিদলের বেক্সিমকো ইন্ডাস্ট্রিয়াল পার্ক এবং শাইনপুকুর সিরামিক পরিদর্শন,অর্থনীতি,2,0.875,87.5
20725796,এপ্রিলে ভোক্তা ঋণে সুদ গুনতে হবে ১৪.৫৫ শতাংশ,অর্থনীতি,2,0.875,87.5
20725792,আর্থ-সামাজিক উন্নয়নে এডিবি’র আরও সহায়তা চেয়েছেন প্রধানমন্ত্রী,অর্থনীতি,2,0.875,87.5
20725748,"সীতাকুণ্ডে ড্রেজার বসিয়ে বালু উত্তোলন, হুমকির মুখে ব্রিজ",অর্থনীতি,2,0.875,87.5
20725757,"বাসের অগ্রিম টিকিট বিক্রি ২রা এপ্রিল, ট্রেনের ফিরতি ৩রা এপ্রিল",অর্থনীতি,2,0.875,87.5
20728693,"

গাজীপুরে বেতন-ঈদ বোনাসের দাবিতে শ্রমিকদের বিক্ষোভ
",অর্থনীতি,2,0.875,87.5
20725786,রামগঞ্জ প্রেস ক্লাবের ইফতার মাহফিল,অর্থনীতি,2,0.875,87.5
20725730,ডুমুরিয়ায় সড়ক দুর্ঘটনায় নিহত ১,অর্থনীতি,2,0.875,87.5
20725731,বিদেশি ঋণের সুদ পরিশোধে ব্যয় বাড়ায় উদ্বেগ,অর্থনীতি,2,0.875,87.5
20725784,সুনামগঞ্জে সড়ক দুর্ঘটনায় পুলিশ কর্মকর্তার মর্মান্তিক মৃত্যু,অর্থনীতি,2,0.875,87.5
20725729,টাঙ্গাইলে নিয়ন্ত্রণহীন প্রাইভেটকারের ধাক্কায় নিহত ২,অর্থনীতি,2,0.875,87.5
20727083,"

গাজীপুরের শ্রীপুরে টাইলস কারখানায় আগুন
",অর্থনীতি,2,0.875,87.5
20725732,বেক্সিমকো’র ২৬২৫ কোটি টাকার বন্ড অনুমোদন,অর্থনীতি,2,0.875,87.5
20727081,"

ঢাকায় ওভারব্রিজে আটকে গেলো উড়োজাহাজ!
",অর্থনীতি,2,0.875,87.5
20727084,"

গাজার পথে ৪০০ টন ত্রাণ, যথেষ্ট নয় বলছেন মানবতাবাদীরা
",অর্থনীতি,2,0.875,87.5
20728162,"

নীলিমা পয়েন্ট থেকে ৪টি হরিণের চামড়া উদ্ধার
",অর্থনীতি,2,0.875,87.5
20725724,স্থাপত্য শিল্পে বঙ্গবন্ধুর মুখচ্ছবি,অর্থনীতি,2,0.875,87.5
20725721,গ্রাহকের টাকায় ম্যানেজার আল আমিনের একাধিক ব্যবসা প্রতিষ্ঠান,অর্থনীতি,2,0.875,87.5
20727107,বকেয়া বেতনের দাবিতে সড়ক অবরোধ করে গাজীপুরে শ্রমিকদের বিক্ষোভ,অর্থনীতি,2,0.875,87.5
20727079,"

মেহেরপুরে ট্রাকের ধাক্কায় ২ সাইকেল আরোহী নিহত
",অর্থনীতি,2,0.875,87.5
20725735,যোগ-বিয়োগের ফাঁদে ফেলে অর্থ লুট,অর্থনীতি,2,0.875,87.5
20726942,আজ ঢাকার বায়ু সংবেদনশীল গোষ্ঠীর জন্য অস্বাস্থ্যকর,অর্থনীতি,2,0.875,87.5
20727263,"

ফরিদপুরে গাড়িচাপায় বাবা-ছেলে নিহত
",অর্থনীতি,2,0.875,87.5
20725738,স্বামীর বিরুদ্ধে হয়রানির অভিযোগ অধিকারকর্মী সাধনার,অর্থনীতি,2,0.875,87.5
20725722,রাজশাহীতে জমে উঠেছে ঈদবাজার,অর্থনীতি,2,0.875,87.5
20725794,দেশ শ্রীলঙ্কা হবে যারা ভেবেছিল তাদের ধারণা ভুল,অর্থনীতি,2,0.875,87.5
20725775,রাজাপুরে সাংবাদিককে লাঞ্ছিতের প্রতিবাদে মানববন্ধন,অর্থনীতি,2,0.875,87.5
20729607,"

ঈদে ৯০ লাখ মানুষ সড়কপথে ঢাকা ছাড়বে
",অর্থনীতি,2,0.875,87.5
20725405,"

বাজারের নতুন পণ্য ‘লাক্সারি ম্যাট’
",অর্থনীতি,2,0.875,87.5
20725404,"

লেনদেন ও সূচক বেড়েছে উভয় শেয়ারবাজারে
দর বেড়েছে ২৭৩টির, কমেছে ৭৪টির এবং অপরিবর্তিত রয়েছে ৪৯টির
",অর্থনীতি,2,0.875,87.5
20725403,"

স্ট্যান্ডার্ড ব্যাংকের ৩৮৯তম বোর্ডসভা অনুষ্ঠিত
",অর্থনীতি,2,0.875,87.5
20725401,"

 বেক্সিমকোর ২ হাজার ৬২৫ কোটি টাকার বন্ড আসছে
",অর্থনীতি,2,0.875,87.5
20730203,"

রাজনগরে আগুনে পুড়ে বৃদ্ধার মৃত্যু
",অর্থনীতি,2,0.875,87.5
20725399,"

মার্কেন্টাইল ব্যাংকের ‘রামপুরা শাখা’ স্থানান্তর
",অর্থনীতি,2,0.875,87.5
20725397,"

বিদ্যুৎ বিভ্রাটে ভোগান্তি বাড়ছে ফরিদপুরে
",অর্থনীতি,2,0.875,87.5
20730205,"

গ্যাস বিস্ফোরণ : চিকিৎসাধীন বাবা-মা ও সন্তানের মৃত্যু
",অর্থনীতি,2,0.875,87.5
20725390,"

 পাথরঘাটায় এতিমদের নিয়ে প্রতিবন্ধী সোহাগের ইফতার
",অর্থনীতি,2,0.875,87.5
20730645,"

জলবায়ু অভিযোজনে প্রতি বছর ব্যয় ৩.৫ বিলিয়ন ডলার : পরিবেশমন্ত্রী
",অর্থনীতি,2,0.875,87.5
20725386,"

ঝালকাঠিতে জমে উঠেছে ঈদ মার্কেট
",অর্থনীতি,2,0.875,87.5
20730652,"

ঈদের আগের মাসে রেমিট্যান্স প্রবাহে ভাটা
",অর্থনীতি,2,0.875,87.5
20725384,"

দাগনভূঞায় মশার কয়েল কারখানাকে জরিমানা 
",অর্থনীতি,2,0.875,87.5
20725382,"

নোয়াখালীতে ৭ দোকান আগুনে পুড়ে ছাই
",অর্থনীতি,2,0.875,87.5
20725406,"

 মার্সেল ফ্রিজ কিনে ১০ লাখ টাকা পেলেন গৃহিণী ঝর্ণা
",অর্থনীতি,2,0.875,87.5
20730654,"

রোহিঙ্গাদের প্রত্যাবাসনে ইন্দোনেশিয়া ও আইওএমের সহযোগিতার আহ্বান পররাষ্ট্রমন্ত্রীর
",অর্থনীতি,2,0.875,87.5
20730864,জুয়েলারি ব্যবসায়ীদের বিশেষ আর্থিক সেবা দেবে পকেট,অর্থনীতি,2,0.875,87.5
20725377,"

 সাগর ও আকাশপথে শেনজেন অঞ্চলে যুক্ত বুলগেরিয়া-রোমানিয়া
",অর্থনীতি,2,0.875,87.5
20725376,"

যুক্তরাষ্ট্রে অভিবাসীদের গুরুত্ব বোঝাচ্ছে বাল্টিমোর দুর্ঘটনা
",অর্থনীতি,2,0.875,87.5
20730871,ঈদের আগে রেমিট্যান্স কমলো,অর্থনীতি,2,0.875,87.5
20730881,দেশে প্রথমবারের মতো ওমরাহ কার্ড চালু করলো ন্যাশনাল ব্যাংক,অর্থনীতি,2,0.875,87.5
20731577,"

রাজধানীতে কিশোর গ্যাংয়ের ১৬ সদস্য আটক
",অর্থনীতি,2,0.875,87.5
20731578,"

চাঁদাবাজির প্রতিবাদে ভৈরবে বেসরকারি ক্লিনিক-হাসপাতালে ওষুধ সরবরাহ বন্ধ
",অর্থনীতি,2,0.875,87.5
20731586,"

বাস ভাড়া কিলোমিটারে ৩ পয়সা কমিয়ে প্রজ্ঞাপন
মঙ্গলবার থেকে কার্যকর
",অর্থনীতি,2,0.875,87.5
20731588,কিলোমিটারে বাস ভাড়া কমলো ৩ পয়সা,অর্থনীতি,2,0.875,87.5
20732364,"

তামাক বিরোধীদের বাজেট প্রস্তাব বাস্তবায়ন হলে ১১ লাখ অকাল মৃত্যুরোধ সম্ভব
",অর্থনীতি,2,0.875,87.5
20725348,"

 ব্যাংক ঋণের সুদ আরো বাড়ছে
",অর্থনীতি,2,0.875,87.5
20725347,"

 দেশের অর্থনৈতিক পরিস্থিতি নিয়ে সব দ্বিধাদ্বন্দ্ব কেটে গেছে : অর্থমন্ত্রী
",অর্থনীতি,2,0.875,87.5
20732373,"

ডেমরায় গ্যারেজে থাকা ভলভো বাসে আগুন, নিয়ন্ত্রণে ৬ ইউনিট
",অর্থনীতি,2,0.875,87.5
20725343,"

২০ বছরের অধিক বয়সী বাস প্রত্যাহার করতে হবে : পরিবেশমন্ত্রী
",অর্থনীতি,2,0.875,87.5
20730658,"

২১ রোজাই করা শিশু মালিহার পানিতে ডুবে মৃত্যু
",অর্থনীতি,2,0.875,87.5
20730025,"রাজস্ব বাড়বে ১০হাজার কোটি, অকাল মৃত্যু রুখবে ১১ লাখ",অর্থনীতি,2,0.875,87.5
20725402,"

দুস্থদের মাঝে স্বাধীনতা ব্যাংকার্স পরিষদের খাদ্যসামগ্রী  বিতরণ
",অর্থনীতি,2,0.875,87.5
20725442,"

 মালয়েশিয়ার শ্রমবাজার আজ থেকে বন্ধ হলো  
",অর্থনীতি,2,0.875,87.5
20725434,"

ঢাকা ও চট্টগ্রামে ভারতীয় পেঁয়াজ ৪০ টাকা কেজি দরে বিক্রি হবে : বাণিজ্য প্রতিমন্ত্রী
",অর্থনীতি,2,0.875,87.5
20725773,ভারত থেকে এলো পিয়াজের প্রথম চালান,অর্থনীতি,2,0.875,87.5
20725437,"

ড্রেজিংয়ে অনিয়ম-দুর্নীতিতে ১০ নৌপথ পরিত্যক্ত
এসসিআর এফের প্রতিবেদন
",অর্থনীতি,2,0.875,87.5
20725431,"

বেনাপোল বন্দর ছাড়ছেন অসাধু আমদানিকারকরা
",অর্থনীতি,2,0.875,87.5
20729929,"

৮ ও ৯ এপ্রিল ঐচ্ছিক ছুটি নেয়া যাবে : মন্ত্রিপরিষদ সচিব
",অর্থনীতি,2,0.875,87.5
20725428,"

কুয়ালালামপুরে দেশীয় ইফতারসামগ্রীর পসরা
",অর্থনীতি,2,0.875,87.5
20725440,"

বেনারসি পল্লীতে শাড়ির দামে বেকুব ক্রেতা
",অর্থনীতি,2,0.875,87.5
20725426,"
প্রতিবাদে মানববন্ধন 
ডেমরায় সড়ক ও জনপদের ২০০ কোটি  টাকার সম্পদ দখল হয়ে যাচ্ছে
",অর্থনীতি,2,0.875,87.5
20725435,"

 কৃষি বিপণন অধিদফতরের ব্যর্থতায় ভুগছেন কৃষক ও ভোক্তা
",অর্থনীতি,2,0.875,87.5
20725425,"
রাজপথে মৃত্যুর হানা 
সড়কে প্রাণ গেল ৭ জনের
",অর্থনীতি,2,0.875,87.5
20725436,"

ভারতের পেঁয়াজের প্রথম চালান ঢুকেছে দর্শনা বন্দর দিয়ে
",অর্থনীতি,2,0.875,87.5
20725423,"

আজ থেকে  সুন্দরবনে মধু আহরণ শুরু
",অর্থনীতি,2,0.875,87.5
20729932,"

দেওয়ানগঞ্জে পুলিশ সুপারের বাসার ছাদ থেকে ৪ গন্ধ গোকুল উদ্ধার
",অর্থনীতি,2,0.875,87.5
20729609,"

বাসের ভাড়া কমছে ৩ পয়সা
",অর্থনীতি,2,0.875,87.5
20729943,"

তাপপ্রবাহে পুড়ছে চুয়াডাঙ্গা
",অর্থনীতি,2,0.875,87.5
20729608,"

ভারতীয় ৫০ হাজার টন পেঁয়াজের প্রথম চালান খালাস হচ্ছে সিরাজগঞ্জে
",অর্থনীতি,2,0.875,87.5
20725444,"

আর্থসামাজিক উন্নয়নে এডিবির আরো সহায়তা চেয়েছেন প্রধানমন্ত্রী
",অর্থনীতি,2,0.875,87.5
20725779,কানাইঘাটে বিয়ের ৬ মাসের মাথায় নববধূর রহস্যজনক মৃত্যু,আইন,3,0.75,75.0
20732366,"

জামিনে মুক্তি পেলেন বিএনপির দুলু
",আইন,3,0.75,75.0
20725776,"হত্যা মামলার আসামিরা প্রকাশ্যে, ধরছে না পুলিশ",আইন,3,0.75,75.0
20731581,"

‘দেশে ন্যায় বিচার প্রতিষ্ঠার জন্য ল’ইয়ার্স কাউন্সিল কাজ করে যাচ্ছে’
",আইন,3,0.75,75.0
20729610,"

বুয়েটে ছাত্ররাজনীতিতে কোনো বাধা নেই : হাইকোর্ট
",আইন,3,0.75,75.0
20731580,"

ফুয়াদ হত্যা : ইউপি চেয়ারম্যান জেসমিনের বাড়িতে হয় গোপন বৈঠক
",আইন,3,0.75,75.0
20728695,শ্রীপুরের লাইফ কেয়ার হাসপাতালে সিজার করতে এসে এক প্রসূতির মায়ের মৃত্যুর অভিযোগ,আইন,3,0.75,75.0
20728171,মোহাম্মদপুরে অস্ত্রসহ কিশোর গ্যাংয়ের ১৬ সদস্য গ্রেপ্তার,আইন,3,0.75,75.0
20729944,"

দুর্নীতি মামলায় সাবেক বিচারপতি জয়নুলের বিচার শুরু
",আইন,3,0.75,75.0
20729927,"

কুমিল্লায় যুবক খুনের দায়ে দু’জনের মৃত্যুদণ্ড
",আইন,3,0.75,75.0
20730024,আদালতের আদেশ শিরোধার্য: বুয়েট ভিসি,আইন,3,0.75,75.0
20725793,চাঁপাইনবাবগঞ্জে বীমা দাবির চেক পেয়ে খুশি শতাধিক গ্রাহক,আইন,3,0.75,75.0
20727264,"

ঈদে ছুটি ১ দিন বাড়বে কি না সিদ্ধান্ত আজ
",আইন,3,0.75,75.0
20727261,"

যশোরের শার্শায় ৩৮ কেজি গাঁজাসহ গ্রেফতার ১
",আইন,3,0.75,75.0
20725798,"সুনামগঞ্জে আগ্নেয়াস্ত্র নিয়ে চেয়ারম্যান বাহিনীর মহড়া, ভিডিও ভাইরাল",আইন,3,0.75,75.0
20729931,"

আড়াই কেজি আফিমসহ চোরাচালান চক্রের নারী সদস্য গ্রেফতার
",আইন,3,0.75,75.0
20725801,সরাইলে ৩ মাসে ৫ খুন,আইন,3,0.75,75.0
20727104,মোহাম্মদপুরে ২৫ দিন শেকলে বেঁধে তরুণীকে সংঘবদ্ধ ধর্ষণ,আইন,3,0.75,75.0
20729934,"

রাজনগরে অগ্নিকাণ্ডে বৃদ্ধার মৃত্যু
",আইন,3,0.75,75.0
20729936,"

তোশাখানা মামলায় ইমরান খানের সাজা বাতিল
",আইন,3,0.75,75.0
20729603,"

উল্লাপাড়ায় মহাসড়ক থেকে লাশ উদ্ধার
",আইন,3,0.75,75.0
20729940,"

রাজবাড়ীতে চাকরির প্রলোভন দেখিয়ে টাকা হাতিয়ে নেয়া চক্রের ৩ সদস্য গ্রেফতার
",আইন,3,0.75,75.0
20727082,"

ডিএমপির অভিযানে গ্রেফতার ২৯
",আইন,3,0.75,75.0
20730867,এতিম ও দরিদ্রদের নিয়ে দিরাই রিপোর্টার্স ইউনিটির ইফতার,আইন,3,0.75,75.0
20729617,বুয়েটে রাজনীতি নিষিদ্ধের সিদ্ধান্ত স্থগিত,আইন,3,0.75,75.0
20725769,কয়রায় যুবকের লাশ উদ্ধার,আইন,3,0.75,75.0
20725768,সুনামগঞ্জে দোকানিকে ছুরিকাঘাতে হত্যা,আইন,3,0.75,75.0
20725413,"

নূরীর মা হাফসার জামিন স্থগিতাদেশ তুলে নেয়ার আবেদন শুনানি ৩ এপ্রিল  
",আইন,3,0.75,75.0
20725396,"
ইউপি সদস্যের কাছে প্রশাসন অসহায় 
মুরাদনগরে খিড়া নদীতে বাঁধ দিয়ে কৃষিজমির মাটি নিচ্ছে ইটভাটায়
",আইন,3,0.75,75.0
20725745,নারায়ণগঞ্জে প্রেমিকাকে ধর্ষণ শেষে হত্যা ৩ জনের যাবজ্জীবন,আইন,3,0.75,75.0
20725395,"

ঘাঘট নদীর ভাঙন আতঙ্কে পাশপাশের মানুষ
",আইন,3,0.75,75.0
20725742,ঈদের ছুটি একদিন বাড়ানোর সুপারিশ,আইন,3,0.75,75.0
20725393,"

লালমাইয়ে পানিতে ডুবে তিন বছরের শিশুর মৃত্যু
",আইন,3,0.75,75.0
20725725,সিলেটে স্বেচ্ছাসেবক লীগ নেতার বিরুদ্ধে কিশোরী ধর্ষণ মামলা,আইন,3,0.75,75.0
20725391,"

পিরোজপুরজুড়ে ভয়ঙ্কর হয়ে উঠছে কিশোর গ্যাং
দেশীয় অস্ত্রসহ গ্যাংয়ের ১৮ সদস্য গ্রেফতার
",আইন,3,0.75,75.0
20725385,"

লালমোহনে ৯ মাসের শিশুর গলা কাটল দুর্বৃত্তরা 
",আইন,3,0.75,75.0
20725381,"

গোবিন্দগঞ্জে দুর্র্বৃত্তদের হাতে ব্যবসায়ী নিহত
",আইন,3,0.75,75.0
20725740,বাবা-ছেলের কোটি টাকার প্রতারণা,আইন,3,0.75,75.0
20725723,"২১ দিন পর ছোয়াদকে কুমিল্লা থেকে উদ্ধার, আটক ১৭",আইন,3,0.75,75.0
20725372,"

ইউক্রেনকে সাঁজোয়া যান ও ক্ষেপণাস্ত্র দেবে ফ্রান্স
",আইন,3,0.75,75.0
20725736,চট্টগ্রামে লাগামহীন অবৈধ ব্যাটারি রিকশা দৈনিক ৭০ লাখ টাকার ভাগবাটোয়ারা,আইন,3,0.75,75.0
20725389,"

রূপগঞ্জে যুবককে পিটিয়ে দুই পা ভেঙে দিলো সন্ত্রাসীরা
",আইন,3,0.75,75.0
20725417,"

 না’গঞ্জে ধর্ষণের পর হত্যা তিনজনের যাবজ্জীবন 
",আইন,3,0.75,75.0
20725415,"
হলমার্ক কেলেঙ্কারি 
রায় শুনে পালিয়ে যাওয়া তেঁতুলঝোড়া ইউপি চেয়ারম্যানের আত্মসমর্পণ
",আইন,3,0.75,75.0
20725418,"

 টেকনাফে অপহৃত শিশু ২২ দিন পর লালমাই  থেকে উদ্ধার 
",আইন,3,0.75,75.0
20725766,তারাকান্দায় বাস-মাইক্রো সংঘর্ষে ভাই-বোন নিহত,আইন,3,0.75,75.0
20725341,"

নারায়ণগঞ্জ বিএনপির ৪৫০ নেতাকর্মীর আগাম জামিন
",আইন,3,0.75,75.0
20725764,নোয়াখালীতে চোরাই মোটরসাইকেলসহ যুবলীগ নেতা গ্রেপ্তার,আইন,3,0.75,75.0
20725762,নানাকে ভুয়া মুক্তিযোদ্ধা বানিয়ে সরকারি চাকরি করছেন নাতি,আইন,3,0.75,75.0
20725752,আত্মসমর্পণের পর বিএনপি নেতা সোহেল কারাগারে,আইন,3,0.75,75.0
20725430,"
উপবৃত্তির নামে প্রতারণা 
‘রাজমিস্ত্রি চক্র’ হাতিয়ে নেয় মোটা অঙ্কের টাকা
",আইন,3,0.75,75.0
20725351,"

 সেপটিক ট্যাংকে শিক্ষার্থীর লাশ
",আইন,3,0.75,75.0
20725455,"

ট্রান্সকমের শীর্ষ ৩ জনকে দেশে ফেরার ৭২ ঘণ্টার মধ্যে আত্মসমর্পণের নির্দেশ
",আইন,3,0.75,75.0
20725420,"

স্বামীকে বিষপ্রয়োগে হত্যা স্ত্রীর যাবজ্জীবন 
",আইন,3,0.75,75.0
20725419,"

ভালো নেই জল্লাদ শাহজাহান তল্পিতল্পা নিয়ে পালাল স্ত্রী
",আইন,3,0.75,75.0
20725429,"

উখিয়ায় পাহাড় কাটায় বাধা, ডাম্প ট্রাকের চাপায় বিট কর্মকর্তার মৃত্যু
",আইন,3,0.75,75.0
20725394,"

ব্রহ্মপুত্রের চর থেকে অটোরিকশাসহ জুয়ার সরঞ্জামাদি  উদ্ধার
",বিজ্ঞান,4,0.625,62.5
20725432,"

 ঝড়ের কবলে উড়োজাহাজ
",বিজ্ঞান,4,0.625,62.5
20728690,"

সারাদেশে বাড়বে দিন, কমবে রাতের তাপমাত্রা
",বিজ্ঞান,4,0.625,62.5
20730022,বিদ্যুৎ উন্নয়ন বোর্ডের অফিসিয়াল ফেসবুক পেজ হ্যাক করা হয়েছে,বিজ্ঞান,4,0.625,62.5
20725448,"

অবৈধ চীনা মাছধরা বন্ধে সহযোগিতা করবে যুক্তরাষ্ট্র ও আর্জেন্টিনা
",বিজ্ঞান,4,0.625,62.5
20729616,সুন্দোরা ঈদে বিশাল মূল্যছাড়!,বিজ্ঞান,4,0.625,62.5
20729606,"

আফগানিস্তানে স্থলমাইন বিস্ফোরণে ৯ শিশু নিহত
",বিজ্ঞান,4,0.625,62.5
20725371,"

পেকারি  
",বিজ্ঞান,4,0.625,62.5
20725375,"

সিরিয়ায় গাড়িবোমা বিস্ফোরণে নিহত ৭ আহত ৩০
",বিজ্ঞান,4,0.625,62.5
20725447,"

কিনমেনের কাছে চীনা ড্রোনের চিত্র ধারণের নিন্দা তাইওয়ানের সামরিক বাহিনীর
",বিজ্ঞান,4,0.625,62.5
20725744,যুক্তরাষ্ট্রে প্রায় সাড়ে ৭ কোটি গ্রাহকের ব্যক্তিগত তথ্য ফাঁস,বিজ্ঞান,4,0.625,62.5
20725359,"

সৃজনশীলতা বৃদ্ধিতে ভিডিও গেমস
",বিজ্ঞান,4,0.625,62.5
20725358,"

আসছে নতুন আইপ্যাড প্রো
",বিজ্ঞান,4,0.625,62.5
20725357,"

ঈদে মি ফ্যানদের জন্য শাওমির ‘ঈদ উইথ মি’ ক্যাম্পেইন
",বিজ্ঞান,4,0.625,62.5
20725356,"

ব্রডব্যান্ডের চেয়ে ৪৫ লাখ গুণ দ্রুতগতির ইন্টারনেট
",বিজ্ঞান,4,0.625,62.5
20725366,"

আল কুরআনের বাণী
",বিজ্ঞান,4,0.625,62.5
20732368,"

কম্বোডিয়ায় ‘সাইবার জালিয়াতিতে যুক্তদের’ উদ্ধার করছে ভারত
",বিজ্ঞান,4,0.625,62.5
20730877,ঢাকায় অনারের আরও নতুন দুটি আউটলেট উদ্বোধন,বিজ্ঞান,4,0.625,62.5
20731576,"

আল শিফা হাসপাতাল থেকে ৫০০ জনকে আটক করল ইসরাইল
",বিজ্ঞান,4,0.625,62.5
20732369,"

সিলেটের শিলাবৃষ্টির আকার কি অস্বাভাবিক?
",বিজ্ঞান,4,0.625,62.5
20729930,"

ছাত্ররাজনীতি : বুয়েট ভিসি বললেন- ‘আদালতের আদেশ শিরোধার্য’
",শিক্ষা,5,0.5,50.0
20725750,সোনাইমুড়ীতে ৯৪ ব্যাচ বন্ধু মহল’র ঈদ উপহার ও ইফতার মাহফিল,শিক্ষা,5,0.5,50.0
20728167,বুয়েটে ছাত্র রাজনীতি করার অনুমতি চেয়ে হাইকোর্টে রিট,শিক্ষা,5,0.5,50.0
20725751,দৌলতপুরে শিক্ষা কর্মকর্তা শফিউলের বিরুদ্ধে অনিয়মের অভিযোগ,শিক্ষা,5,0.5,50.0
20725774,"ফি আছে, সেবা নেই",শিক্ষা,5,0.5,50.0
20728169,তৃতীয় দিনের মতো আজও ক্লাস-পরীক্ষা বর্জন বুয়েট শিক্ষার্থীদের,শিক্ষা,5,0.5,50.0
20725445,"

বুয়েটের ছাত্র আন্দোলন নিয়ে অ্যাকশনের হুমকি
",শিক্ষা,5,0.5,50.0
20725777,চবি সাংবাদিকতা অ্যালামনাই এসোসিয়েশনের বার্ষিক সাধারণ সভা ও ইফতার মাহফিল সম্পন্ন,শিক্ষা,5,0.5,50.0
20725422,"

 পেনশনের আওতায় আসছেন পাঁচ লাখ বেসরকারি শিক্ষক
যৌক্তিক দাবিতে নমনীয় সরকার প্রস্তুত হচ্ছে খসড়া
",শিক্ষা,5,0.5,50.0
20725424,"

সিএনসি স্বাধীনতা পদক পেলেন পাঁচ বিশিষ্ট ব্যক্তি
",শিক্ষা,5,0.5,50.0
20725465,"

জোড়াতালি দিয়ে চলছে জামালপুরের একমাত্র স্বাস্থ্য শিক্ষাপ্রতিষ্ঠান
",শিক্ষা,5,0.5,50.0
20725345,"
চট্টগ্রামে উলামা-মাশায়েখ পরিষদের ইফতার মাহফিল  
অপসংস্কৃতির আগ্রাসন প্রতিরোধে ইমামরা গুরুত্বপূর্ণ ভূমিকা রাখতে পারেন : আ ক ম আবদুল কাদের
",শিক্ষা,5,0.5,50.0
20732371,"

জবির আইন বিভাগের চেয়ারম্যানের পদত্যাগ
",শিক্ষা,5,0.5,50.0
20725767,"ইফতারের সময় ডেকে নিয়ে কিশোরকে হত্যা, দুই বন্ধু আটক",শিক্ষা,5,0.5,50.0
20725456,"

জবির বিতর্কিত কর্মকর্তা আলতাফকে অপসারণ 
",শিক্ষা,5,0.5,50.0
20725734,অভিযোগ আমলে না নিলে ফেসবুক ইউটিউব বন্ধ করে দেয়া হবে,শিক্ষা,5,0.5,50.0
20725400,"

 বশেমুরকৃবিতে ডিজিটাল স্কিলস ফর স্টুডেন্টস প্রশিক্ষণ উদ্বোধন
",শিক্ষা,5,0.5,50.0
20725728,বশেমুরকৃবিতে ডিজিটাল স্কিলস্‌ ফর স্টুডেন্টস প্রশিক্ষণ,শিক্ষা,5,0.5,50.0
20725727,মহেশপুরে সহকারী শিক্ষা অফিসারের বিরুদ্ধে অনিয়মের অভিযোগ,শিক্ষা,5,0.5,50.0
20730880,ক্যাম্পাসকে ছাত্ররাজনীতি মুক্ত রাখতে শিক্ষকদের পাশে চান তারা,শিক্ষা,5,0.5,50.0
20725368,"
গল্পকথা 
রিশা রাফির দিনগুলো
",শিক্ষা,5,0.5,50.0
20730662,"

কিডনি দিয়ে ছেলের প্রাণ রক্ষা করলেন বাবা
",শিক্ষা,5,0.5,50.0
20725380,"
সার্ভার জটিলতা 
হোসেনপুরে প্রাথমিকের শিক্ষকরা বদলির আবেদন করতে পারছেন না
",শিক্ষা,5,0.5,50.0
20725367,"

ইতিহাসে আজ
",শিক্ষা,5,0.5,50.0
20730653,"

জাতীয় বিশ্ববিদ্যালয় : অভিযুক্ত বড় মনিরকে অপসারণ
",শিক্ষা,5,0.5,50.0
20727111,"গাজার নির্যাতিত শিশুদের পাশে বাংলাদেশি সংগঠন লাভ শেয়ার বিডি, ১০ হাজার ডলার অনুদান",শিক্ষা,5,0.5,50.0
20725387,"

বাকপ্রতিবন্ধী সুমাইয়া উচ্চশিক্ষিত হয়ে স্বাবলম্বী হতে চায়
",শিক্ষা,5,0.5,50.0
20725746,এবার ঢাবি’র কোয়ার্টারে শিক্ষার্থীর আত্মহত্যা,শিক্ষা,5,0.5,50.0
20731582,"

ট্রেনের নিচে ঝাঁপ দিয়ে গৃহবধূর আত্মহত্যা, বাঁচাতে গিয়ে প্রাণ গেল কলেজছাত্রের
",শিক্ষা,5,0.5,50.0
20730210,"

সাতক্ষীরা মেডিক্যাল কলেজে ছাত্রলীগের ২ গ্রুপের সংঘর্ষ
",শিক্ষা,5,0.5,50.0
20731584,"

ঢাকাস্থ রংপুর ছাত্রফোরামের সভাপতি মাহিন, সম্পাদক ইমরান
",শিক্ষা,5,0.5,50.0
20727267,৯ই এপ্রিল ছুটিতে মন্ত্রিসভার না,শিক্ষা,5,0.5,50.0
20725799,টেকনাফে এবার শিক্ষক অপহরণ ১২ লাখ টাকা মুক্তিপণ দাবি,শিক্ষা,5,0.5,50.0
20725797,ক্ষমতা দেখিয়ে বুয়েটে ছাত্রলীগ,শিক্ষা,5,0.5,50.0
20725398,"

ঘাটাইলে শিক্ষার আলো ছড়াচ্ছে অনুসন্ধান স্কুল
",শিক্ষা,5,0.5,50.0
20725747,"প্রতিবাদে শিক্ষার্থী অভিভাবকদের বিক্ষোভ মিছিল, ভাঙচুর",শিক্ষা,5,0.5,50.0
20729935,"

ব্রাজিলে ইস্টার সানডে মিছিলে বাসের ধাক্কায় ৪ জন নিহত
",লাইফস্টাইল,6,0.375,37.5
20731583,"

মাদারগঞ্জে পাগলা কুকুরের কামড়ে ৭ জন আহত
",লাইফস্টাইল,6,0.375,37.5
20730212,"

 ইসরাইল আল-শিফা থেকে সেনা প্রত্যাহার করেছে : হামাস
",লাইফস্টাইল,6,0.375,37.5
20729939,"

ঘিওরে ৩০০ বছরের ঐতিহ্যবাহী জামাই মেলা শুরু
",লাইফস্টাইল,6,0.375,37.5
20725369,"
জানা-অজানা 
চিরতার গুণ
",লাইফস্টাইল,6,0.375,37.5
20725421,"
সাহায্যের আবেদন 
৩২ বছরের মামুন দেখতে শিশুর মতো
",লাইফস্টাইল,6,0.375,37.5
20725449,"

অস্টিয়োপোরেসিসের সমস্যা! সুস্থ থাকতে ৩ পরামর্শ
",লাইফস্টাইল,6,0.375,37.5
20725765,মৌলভীবাজারে খেলাফত মজলিসের ইফতার মাহফিল,লাইফস্টাইল,6,0.375,37.5
20725733,সিলেটে রওশন ও জব্বারের সম্পদের পাহাড়,লাইফস্টাইল,6,0.375,37.5
20726943,ঈদের ছুটিতে হাসপাতালে পর্যাপ্ত জনবল রাখাসহ ১২ নির্দেশনা,লাইফস্টাইল,6,0.375,37.5
20728698,মানব চামড়া দিয়ে বাঁধানো বই সরিয়ে দেয়া হলো হার্ভার্ড লাইব্রেরি থেকে,লাইফস্টাইল,6,0.375,37.5
20726939,"

কালবৈশাখী ঝড় ও শিলাবৃষ্টিতে বিপর্যস্ত সিলেট
",লাইফস্টাইল,6,0.375,37.5
20728691,"

অভিযান শেষে আল-শিফা থেকে সৈন্য প্রত্যাহার করল ইসরাইল
",লাইফস্টাইল,6,0.375,37.5
20725338,"

মাহি ম্যাজিকেও হলো না শেষরক্ষা, পন্থের দুরন্ত ব্যাটিংয়ে চেন্নাই জয় দিল্লির
",খেলাধুলা,7,0.25,25.0
20725410,"

সাবিনাদের নিয়ে নাসরিনের ট্রফির স্বপ্ন
",খেলাধুলা,7,0.25,25.0
20725409,"

এবারো শুরুটা ১০ উইকেটের হার দিয়ে
",খেলাধুলা,7,0.25,25.0
20725408,"

অবশেষে জিএম নর্ম ফাহাদের
",খেলাধুলা,7,0.25,25.0
20725407,"

লিভারপুল জয়ী
",খেলাধুলা,7,0.25,25.0
20725468,"

জেলেনস্কির আয় বেড়ে তিন গুণ
",খেলাধুলা,7,0.25,25.0
20727270,নতুন অধিনায়ক বাবরকে নিয়ে দেয়া আফ্রিদির বিবৃতিটি মিথ্যা,খেলাধুলা,7,0.25,25.0
20730209,"

৪ হাজার রানে ক্লাবে মুমিনুল
",খেলাধুলা,7,0.25,25.0
20727266,"

টালমাটাল পাকিস্তান ক্রিকেট, ভুয়া বিবৃতি দিয়ে উস্কে দিয়েছে বিতর্ক
",খেলাধুলা,7,0.25,25.0
20725411,"

নতুন বলটা হুমকি : হেম্প
",খেলাধুলা,7,0.25,25.0
20727265,"

বিপদে বাংলাদেশ, নেই ৪ উইকেট
",খেলাধুলা,7,0.25,25.0
20730211,"

তৃতীয় দিন শেষেও চালকের আসনে শ্রীলঙ্কা
",খেলাধুলা,7,0.25,25.0
20727262,"

টিকে থাকার লড়াইয়ে মাঠে নেমেছে বাংলাদেশ
",খেলাধুলা,7,0.25,25.0
20729611,"

নতুন ভেন্যুতে একই গল্প বাংলাদেশের, তবে করতে হচ্ছে না ফলোঅন
",খেলাধুলা,7,0.25,25.0
20725718,ফুটবলারের সঙ্গে প্রেম করে চাকরি হারালেন লেস্টার কোচ,খেলাধুলা,7,0.25,25.0
20727109,দৃঢ়তা দেখাচ্ছেন জাকির-তাইজুল,খেলাধুলা,7,0.25,25.0
20727268,সিটি-আর্সেনাল মহারণ ড্র,খেলাধুলা,7,0.25,25.0
20726938,"

ম্যানসিটি-আর্সেনালের ড্রয়ে জিতল লিভারপুল
",খেলাধুলা,7,0.25,25.0
20725466,"

পদত্যাগ করবেন না পেরুর প্রেসিডেন্ট
",খেলাধুলা,7,0.25,25.0
20725756,বাংলাদেশের ভুলে ভুলে শ্রীলঙ্কার ‘রেকর্ড’,খেলাধুলা,7,0.25,25.0
20725761,সাবিনা-সানজিদাদের ঠিকানা নাসরিন স্পোর্টিং ক্লাব,খেলাধুলা,7,0.25,25.0
20725760,ব্যাটারদের দিকে তাকিয়ে বাংলাদেশ,খেলাধুলা,7,0.25,25.0
20725759,অবশেষে প্রথম গ্র্যান্ডমাস্টার নর্ম পেলেন ফাহাদ,খেলাধুলা,7,0.25,25.0
20725353,"

উইকেট না হারালে শেষ বিকেলটা হতো বাংলাদেশের
",খেলাধুলা,7,0.25,25.0
20725758,বাংলাদেশকে পার্থক্য বোঝাচ্ছে অস্ট্রেলিয়া,খেলাধুলা,7,0.25,25.0
20725720,গাজায় স্থায়ী যুদ্ধবিরতির দাবি ফ্রান্স-মিশর-জর্ডানের,খেলাধুলা,7,0.25,25.0
20725790,টি-টোয়েন্টি দিয়ে শুরু হচ্ছে আঞ্চলিক ক্রিকেট সংস্থা,খেলাধুলা,7,0.25,25.0
20727106,বিলবাওকে হারিয়ে শিরোপার আরো কাছে রিয়াল,খেলাধুলা,7,0.25,25.0
20728688,"

৭ উইকেট হারিয়ে ফলোঅনের শঙ্কায় বাংলাদেশ
",খেলাধুলা,7,0.25,25.0
20728170,শীর্ষে উঠে শিরোপা জয়ের হুঙ্কার লিভারপুল কোচ ক্লপের,খেলাধুলা,7,0.25,25.0
20728168,এমবাপ্পের প্রশ্নে ‘বিরক্ত’ পিএসজি কোচ এনরিকে,খেলাধুলা,7,0.25,25.0
20725791,মুগ্ধর বোলিং আর খালিদের ব্যাটিংয়ে জয় শাইনপুকুরের,খেলাধুলা,7,0.25,25.0
20726941,"মালয়েশিয়ায় সেকেন্ড হোম গড়েছেন ৩,৬০৪ জন বাংলাদেশি",বিনোদন,8,0.125,12.5
20725802,মোশাররফ-মাহির ‘নেশার লাটিম’,বিনোদন,8,0.125,12.5
20725355,"

মুহিনের কণ্ঠে এবার স্বাধীনতার গান
",বিনোদন,8,0.125,12.5
20725354,"

ইমন সাহার হাত ধরেই প্লেব্যাকে তাদের অভিষেক
",বিনোদন,8,0.125,12.5
20725787,নিপুণের দাবি,বিনোদন,8,0.125,12.5
20725803,ঈদে শাওন-সাদিয়ার ‘ধানসিঁড়ি’,বিনোদন,8,0.125,12.5
20725804,‘আমাদের মাঝে কোনো ঝামেলা নেই’,বিনোদন,8,0.125,12.5
20725805,৫০৮ কোটিতে বাড়ি কিনলেন লোপেজ,বিনোদন,8,0.125,12.5
20725340,"

বগুড়ার প্রকৌশলী মিঠুর ২০ বছরের গবেষণার ফল স্থাপত্যশিল্পে বঙ্গবন্ধুর মুখচ্ছবি
",বিনোদন,8,0.125,12.5
20727103,মেজাজ হারালেন সারা,বিনোদন,8,0.125,12.5
20725962,"

মোটরসাইকেল দুর্ঘটনায় হলিউড অভিনেতার মৃত্যু
",বিনোদন,8,0.125,12.5
20725717,রেকর্ড গড়লো ‘ক্রু’,বিনোদন,8,0.125,12.5
20729615,ভাই হত্যার বিচার চাইলেন শাহনূর,বিনোদন,8,0.125,12.5
20725716,অন্যরকম শনিবার,বিনোদন,8,0.125,12.5
20725715,অন্য এক কিয়ারা,বিনোদন,8,0.125,12.5
20729618,প্রথমবার উপস্থাপনায় ইমরান,বিনোদন,8,0.125,12.5
20725714,এমি জান্নাতের ‘মনের বারণ’,বিনোদন,8,0.125,12.5
20725463,"

ঈদের বিশেষ নাটক ‘আমরা বোকা না’
",বিনোদন,8,0.125,12.5
20725453,"
হেলথ টিপস 
কিডনিতে পাথরে করণীয়
",বিনোদন,8,0.125,12.5
20725378,"

ইদানীং প্রাসঙ্গিক
",অন্যান্য,9,0.0,0.0
20728692,"

৭ অক্টোবর পর থেকে ৬০০ সৈন্য নিহত হয়েছে : ইসরাইল
",অন্যান্য,9,0.0,0.0
20725755,রোলেক্স ঘড়ির সন্ধানে পেরুর প্রেসিডেন্টের বাসায় অভিযান,অন্যান্য,9,0.0,0.0
20729933,"

এবার তানজানিয়া জয় করল ১০ বছর বয়সী বাংলাদেশী হাফেজ হুজাইফা
",অন্যান্য,9,0.0,0.0
20725459,"

ক্যাম্পাসে নারী শিক্ষার্থীর নিরাপত্তা
",অন্যান্য,9,0.0,0.0
20728694,নেপালের হোকসি যেভাবে কিডনি ভ্যালি,অন্যান্য,9,0.0,0.0
20729604,"

চীনের অর্থনীতিতে এখন ঠিক কী চলছে!
",অন্যান্য,9,0.0,0.0
20725461,"

ইদানীং প্রাসঙ্গিক
",অন্যান্য,9,0.0,0.0
20725433,"

রিক চায় বোকা হতে!
",অন্যান্য,9,0.0,0.0
20729605,"

নেতানিয়াহুবিরোধী বিক্ষোভে উত্তাল ইসরাইল
",অন্যান্য,9,0.0,0.0
20725443,"
সিয়াম সাধনার মাস 
সিয়ামের অনুষঙ্গ সদাকাতুল ফিতর
",অন্যান্য,9,0.0,0.0
20725452,"

ঠাকুরগাঁওয়ের ঐতিহাসিক জিনের মসজিদ নিয়ে যত কথা
",অন্যান্য,9,0.0,0.0
20725360,"
ভাঙ্গা-যশোর দ্রুতগতির ট্রেন 
অগ্রগতির নতুন নিদর্শন
",অন্যান্য,9,0.0,0.0
20725362,"

বদর যুদ্ধ যা শিক্ষণীয় 
",অন্যান্য,9,0.0,0.0
20725379,"

অর্থনীতির জন্য এই মুহূর্তের বিবেচনা
",অন্যান্য,9,0.0,0.0
20725363,"

ইসলামে পানির গুরুত্ব 
",অন্যান্য,9,0.0,0.0
20729937,"

পৃথিবী ঘুরে দেখার স্বপ্ন শাফায়েতের
",অন্যান্য,9,0.0,0.0
20725462,"

বদর যুদ্ধের শহীদ সাহাবায়ে কিরাম
",অন্যান্য,9,0.0,0.0
20729942,"

ফের ইরাক থেকে ইসরাইলে ড্রোন হামলা
",অন্যান্য,9,0.0,0.0
20725364,"

প্রশ্নোত্তর
",অন্যান্য,9,0.0,0.0
20725365,"

হাদিসের কথা
",অন্যান্য,9,0.0,0.0
20725416,"

কবি আবদুল হাই মাশরেকীর জন্মবার্ষিকী আজ
",অন্যান্য,9,0.0,0.0
20725467,"

অর্থনীতির জন্য এই মুহূর্তের বিবেচনা
",অন্যান্য,9,0.0,0.0
20727269,কেন আয়ারল্যান্ড ইউরোপের মধ্যে সবচেয়ে ফিলিস্তিনপন্থী,অন্যান্য,9,0.0,0.0
20725370,"
উ জ বে কি স্তা নে র   রূ প ক থা 
মৎস্য কুমার
",অন্যান্য,9,0.0,0.0
20727080,"

প্রাণ গ্রুপে চাকরির সুযোগ
",অন্যান্য,9,0.0,0.0
20725719,তুরস্কে স্থানীয় নির্বাচন কার্যত প্রেসিডেন্ট এরদোগান ও মেয়র ইমামোগলুর লড়াই,অন্যান্য,9,0.0,0.0
20727105,কেন সরকারি অনুষ্ঠানে 'রেড কার্পেট' নিষিদ্ধ করেছে পাকিস্তান?,অন্যান্য,9,0.0,0.0
20725361,"
বিক্ষোভে উত্তাল বুয়েট 
ছাত্ররাজনীতিতে আপত্তি
",অন্যান্য,9,0.0,0.0
20725450,"

ক্যাম্পাসে নারী শিক্ষার্থীর নিরাপত্তা
",অন্যান্য,9,0.0,0.0
