id,website_id,title,T2_S_score,T2_rank
20732379,2268,বাস-ট্রেন-লঞ্চে অতিরিক্ত যাত্রী পরিবহন করলেই ব্যবস্থা-স্বরাষ্ট্রমন্ত্রী,84.61538462,1.0
20725767,2268,"ইফতারের সময় ডেকে নিয়ে কিশোরকে হত্যা, দুই বন্ধু আটক",84.61538462,1.0
20725765,2268,মৌলভীবাজারে খেলাফত মজলিসের ইফতার মাহফিল,84.61538462,1.0
20725764,2268,নোয়াখালীতে চোরাই মোটরসাইকেলসহ যুবলীগ নেতা গ্রেপ্তার,84.61538462,1.0
20725763,2268,"‘ভোটে আমরা হারিনি, ম্যাকানিজম করে হারানো হইছে’",84.61538462,1.0
20725762,2268,নানাকে ভুয়া মুক্তিযোদ্ধা বানিয়ে সরকারি চাকরি করছেন নাতি,84.61538462,1.0
20725761,2268,সাবিনা-সানজিদাদের ঠিকানা নাসরিন স্পোর্টিং ক্লাব,84.61538462,1.0
20725760,2268,ব্যাটারদের দিকে তাকিয়ে বাংলাদেশ,84.61538462,1.0
20725759,2268,অবশেষে প্রথম গ্র্যান্ডমাস্টার নর্ম পেলেন ফাহাদ,84.61538462,1.0
20725758,2268,বাংলাদেশকে পার্থক্য বোঝাচ্ছে অস্ট্রেলিয়া,84.61538462,1.0
20725757,2268,"বাসের অগ্রিম টিকিট বিক্রি ২রা এপ্রিল, ট্রেনের ফিরতি ৩রা এপ্রিল",84.61538462,1.0
20725756,2268,বাংলাদেশের ভুলে ভুলে শ্রীলঙ্কার ‘রেকর্ড’,84.61538462,1.0
20725755,2268,রোলেক্স ঘড়ির সন্ধানে পেরুর প্রেসিডেন্টের বাসায় অভিযান,84.61538462,1.0
20725754,2268,১২০০তম উপ-শাখার মাইলফলক অর্জন করলো আইএফআইসি ব্যাংক,84.61538462,1.0
20725753,2268,মার্কিন দূতাবাস প্রতিনিধিদলের বেক্সিমকো ইন্ডাস্ট্রিয়াল পার্ক এবং শাইনপুকুর সিরামিক পরিদর্শন,84.61538462,1.0
20725752,2268,আত্মসমর্পণের পর বিএনপি নেতা সোহেল কারাগারে,84.61538462,1.0
20725751,2268,দৌলতপুরে শিক্ষা কর্মকর্তা শফিউলের বিরুদ্ধে অনিয়মের অভিযোগ,84.61538462,1.0
20725766,2268,তারাকান্দায় বাস-মাইক্রো সংঘর্ষে ভাই-বোন নিহত,84.61538462,1.0
20725769,2268,কয়রায় যুবকের লাশ উদ্ধার,84.61538462,1.0
20725787,2268,নিপুণের দাবি,84.61538462,1.0
20725770,2268,রায়পুরা আওয়ামী লীগের ইফতার ও দোয়া মাহফিল,84.61538462,1.0
20725785,2268,কিশোরগঞ্জে মনি হত্যা মামলা তুলে নিতে হুমকি,84.61538462,1.0
20725784,2268,সুনামগঞ্জে সড়ক দুর্ঘটনায় পুলিশ কর্মকর্তার মর্মান্তিক মৃত্যু,84.61538462,1.0
20725783,2268,মশিউর হত্যায় জড়িতদের শাস্তির দাবিতে মানববন্ধন,84.61538462,1.0
20725782,2268,শৈলকুপায় নদী দখল করে যুবলীগ নেতার ইটভাটা-পুকুর খনন,84.61538462,1.0
20725781,2268,‘গণতন্ত্র পুনরুদ্ধার না হওয়া পর্যন্ত আমাদের সংগ্রাম চলছে চলবে’,84.61538462,1.0
20725780,2268,কর্মচারী আইন শিথিল নয় সম্পদের হিসাব দাখিল বাধ্যতামূলক করতে হবে,84.61538462,1.0
20725779,2268,কানাইঘাটে বিয়ের ৬ মাসের মাথায় নববধূর রহস্যজনক মৃত্যু,84.61538462,1.0
20725778,2268,"ভোটের পরিবেশ সৃষ্টি হয়েছে, আরও হবে: রাশেদা সুলতানা",84.61538462,1.0
20725777,2268,চবি সাংবাদিকতা অ্যালামনাই এসোসিয়েশনের বার্ষিক সাধারণ সভা ও ইফতার মাহফিল সম্পন্ন,84.61538462,1.0
20725776,2268,"হত্যা মামলার আসামিরা প্রকাশ্যে, ধরছে না পুলিশ",84.61538462,1.0
20725775,2268,রাজাপুরে সাংবাদিককে লাঞ্ছিতের প্রতিবাদে মানববন্ধন,84.61538462,1.0
20725774,2268,"ফি আছে, সেবা নেই",84.61538462,1.0
20725773,2268,ভারত থেকে এলো পিয়াজের প্রথম চালান,84.61538462,1.0
20725772,2268,বন্ধু রাষ্ট্রের সহযোগিতায় ক্ষমতায় এসেছে আওয়ামী লীগ- মঈন খান,84.61538462,1.0
20725771,2268,২ চেয়ারম্যান প্রার্থীকে সরে দাঁড়াতে এমপি’র নির্দেশ,84.61538462,1.0
20725750,2268,সোনাইমুড়ীতে ৯৪ ব্যাচ বন্ধু মহল’র ঈদ উপহার ও ইফতার মাহফিল,84.61538462,1.0
20725749,2268,গভীর রাতে খালেদা জিয়াকে হাসপাতালে ভর্তি,84.61538462,1.0
20725748,2268,"সীতাকুণ্ডে ড্রেজার বসিয়ে বালু উত্তোলন, হুমকির মুখে ব্রিজ",84.61538462,1.0
20725747,2268,"প্রতিবাদে শিক্ষার্থী অভিভাবকদের বিক্ষোভ মিছিল, ভাঙচুর",84.61538462,1.0
20725728,2268,বশেমুরকৃবিতে ডিজিটাল স্কিলস্‌ ফর স্টুডেন্টস প্রশিক্ষণ,84.61538462,1.0
20725727,2268,মহেশপুরে সহকারী শিক্ষা অফিসারের বিরুদ্ধে অনিয়মের অভিযোগ,84.61538462,1.0
20725726,2268,কুমিল্লায় বিএনপি’র ইফতার মাহফিল অনুষ্ঠিত,84.61538462,1.0
20725725,2268,সিলেটে স্বেচ্ছাসেবক লীগ নেতার বিরুদ্ধে কিশোরী ধর্ষণ মামলা,84.61538462,1.0
20725724,2268,স্থাপত্য শিল্পে বঙ্গবন্ধুর মুখচ্ছবি,84.61538462,1.0
20725723,2268,"২১ দিন পর ছোয়াদকে কুমিল্লা থেকে উদ্ধার, আটক ১৭",84.61538462,1.0
20725722,2268,রাজশাহীতে জমে উঠেছে ঈদবাজার,84.61538462,1.0
20725721,2268,গ্রাহকের টাকায় ম্যানেজার আল আমিনের একাধিক ব্যবসা প্রতিষ্ঠান,84.61538462,1.0
20725720,2268,গাজায় স্থায়ী যুদ্ধবিরতির দাবি ফ্রান্স-মিশর-জর্ডানের,84.61538462,1.0
20725719,2268,তুরস্কে স্থানীয় নির্বাচন কার্যত প্রেসিডেন্ট এরদোগান ও মেয়র ইমামোগলুর লড়াই,84.61538462,1.0
20725718,2268,ফুটবলারের সঙ্গে প্রেম করে চাকরি হারালেন লেস্টার কোচ,84.61538462,1.0
20725717,2268,রেকর্ড গড়লো ‘ক্রু’,84.61538462,1.0
20725716,2268,অন্যরকম শনিবার,84.61538462,1.0
20725715,2268,অন্য এক কিয়ারা,84.61538462,1.0
20725714,2268,এমি জান্নাতের ‘মনের বারণ’,84.61538462,1.0
20725729,2268,টাঙ্গাইলে নিয়ন্ত্রণহীন প্রাইভেটকারের ধাক্কায় নিহত ২,84.61538462,1.0
20725730,2268,ডুমুরিয়ায় সড়ক দুর্ঘটনায় নিহত ১,84.61538462,1.0
20725731,2268,বিদেশি ঋণের সুদ পরিশোধে ব্যয় বাড়ায় উদ্বেগ,84.61538462,1.0
20725740,2268,বাবা-ছেলের কোটি টাকার প্রতারণা,84.61538462,1.0
20725746,2268,এবার ঢাবি’র কোয়ার্টারে শিক্ষার্থীর আত্মহত্যা,84.61538462,1.0
20725745,2268,নারায়ণগঞ্জে প্রেমিকাকে ধর্ষণ শেষে হত্যা ৩ জনের যাবজ্জীবন,84.61538462,1.0
20725744,2268,যুক্তরাষ্ট্রে প্রায় সাড়ে ৭ কোটি গ্রাহকের ব্যক্তিগত তথ্য ফাঁস,84.61538462,1.0
20725743,2268,‘ইন্ডিয়া জোট আমি তৈরি করেছি নামটাও আমার দেয়া ভোটের পর ওটা দেখে নেবো’,84.61538462,1.0
20725742,2268,ঈদের ছুটি একদিন বাড়ানোর সুপারিশ,84.61538462,1.0
20725741,2268,লিটারে ২ টাকা ২৫ পয়সা কমলো ডিজেল ও কেরোসিনের দাম,84.61538462,1.0
20725739,2268,ঝাঁঝালো বক্তব্য দিয়ে রাজনীতিতে নামলেন সুনীতা কেজরিওয়াল,84.61538462,1.0
20725732,2268,বেক্সিমকো’র ২৬২৫ কোটি টাকার বন্ড অনুমোদন,84.61538462,1.0
20725738,2268,স্বামীর বিরুদ্ধে হয়রানির অভিযোগ অধিকারকর্মী সাধনার,84.61538462,1.0
20725737,2268,ছাত্রলীগ জোর করে বিশ্ববিদ্যালয় দখলের চেষ্টা করছে,84.61538462,1.0
20725736,2268,চট্টগ্রামে লাগামহীন অবৈধ ব্যাটারি রিকশা দৈনিক ৭০ লাখ টাকার ভাগবাটোয়ারা,84.61538462,1.0
20725735,2268,যোগ-বিয়োগের ফাঁদে ফেলে অর্থ লুট,84.61538462,1.0
20725734,2268,অভিযোগ আমলে না নিলে ফেসবুক ইউটিউব বন্ধ করে দেয়া হবে,84.61538462,1.0
20725733,2268,সিলেটে রওশন ও জব্বারের সম্পদের পাহাড়,84.61538462,1.0
20725786,2268,রামগঞ্জ প্রেস ক্লাবের ইফতার মাহফিল,84.61538462,1.0
20725768,2268,সুনামগঞ্জে দোকানিকে ছুরিকাঘাতে হত্যা,84.61538462,1.0
20725788,2268,কলাপাড়ায় আওয়ামী লীগ নেতার চাঁদা দাবির অভিযোগ,84.61538462,1.0
20725789,2268,‘সরকারের অবৈধ কর্মকাণ্ডের বিরুদ্ধে সাংবাদিকদের কলাম বিরামহীনভাবে চালাতে হবে’,84.61538462,1.0
20730022,2268,বিদ্যুৎ উন্নয়ন বোর্ডের অফিসিয়াল ফেসবুক পেজ হ্যাক করা হয়েছে,84.61538462,1.0
20730021,2268,সন্ত্রাস ছাড়া সরকার টিকতে পারবে না: গয়েশ্বর,84.61538462,1.0
20729618,2268,প্রথমবার উপস্থাপনায় ইমরান,84.61538462,1.0
20729617,2268,বুয়েটে রাজনীতি নিষিদ্ধের সিদ্ধান্ত স্থগিত,84.61538462,1.0
20729616,2268,সুন্দোরা ঈদে বিশাল মূল্যছাড়!,84.61538462,1.0
20729615,2268,ভাই হত্যার বিচার চাইলেন শাহনূর,84.61538462,1.0
20729614,2268,"‘মোদি থামবে না, দুর্নীতির বিরুদ্ধে অভিযান চলবে’",84.61538462,1.0
20729613,2268,কেজরিওয়ালকে ২ সপ্তাহের জন্য জেলে পাঠালো আদালত,84.61538462,1.0
20728698,2268,মানব চামড়া দিয়ে বাঁধানো বই সরিয়ে দেয়া হলো হার্ভার্ড লাইব্রেরি থেকে,84.61538462,1.0
20728697,2268,বাস ভাড়া কমতে পারে কিলোমিটারে ৩ পয়সা,84.61538462,1.0
20728696,2268,"বেনজীরের সম্পদ বিস্ময়কর বিষয় নয়, এই রকম ঘটনা এখন স্বাভাবিক",84.61538462,1.0
20728695,2268,শ্রীপুরের লাইফ কেয়ার হাসপাতালে সিজার করতে এসে এক প্রসূতির মায়ের মৃত্যুর অভিযোগ,84.61538462,1.0
20728694,2268,নেপালের হোকসি যেভাবে কিডনি ভ্যালি,84.61538462,1.0
20728171,2268,মোহাম্মদপুরে অস্ত্রসহ কিশোর গ্যাংয়ের ১৬ সদস্য গ্রেপ্তার,84.61538462,1.0
20728170,2268,শীর্ষে উঠে শিরোপা জয়ের হুঙ্কার লিভারপুল কোচ ক্লপের,84.61538462,1.0
20730023,2268,নির্যাতন করে বিএনপিকে দমিয়ে রাখা যাবে না: আমিনুল,84.61538462,1.0
20730025,2268,"রাজস্ব বাড়বে ১০হাজার কোটি, অকাল মৃত্যু রুখবে ১১ লাখ",84.61538462,1.0
20728168,2268,এমবাপ্পের প্রশ্নে ‘বিরক্ত’ পিএসজি কোচ এনরিকে,84.61538462,1.0
20730026,2268,খালেদা জিয়াকে হাসপাতালে দেখতে ফখরুল-আব্বাস,84.61538462,1.0
20732378,2268,শিক্ষাঙ্গনকে কলুষিত করেছে ছাত্রলীগ: এবি পার্টি,84.61538462,1.0
20732377,2268,আদালতের রায়ে আবরারের হত্যাকারীদের উৎসাহিত করা হয়েছে : রিজভী,84.61538462,1.0
20732376,2268,বুয়েটের ছাত্রদের সঙ্গে অন্যায় হলে ছাত্র-শিক্ষক-অভিভাবকদের নিয়ে রাজপথে নামবো: নুর,84.61538462,1.0
20731590,2268,ইসলামের বিরুদ্ধে সিন্ডিকেটভিত্তিক অপপ্রচার চলছে: চরমোনাই পীর,84.61538462,1.0
20731589,2268,ক্যাম্পাসের ভিন্ন মতালম্বী সংগঠনকে কাজ করতে দিচ্ছেনা ছাত্রলীগ: শিবির সভাপতি,84.61538462,1.0
20731588,2268,কিলোমিটারে বাস ভাড়া কমলো ৩ পয়সা,84.61538462,1.0
20730881,2268,দেশে প্রথমবারের মতো ওমরাহ কার্ড চালু করলো ন্যাশনাল ব্যাংক,84.61538462,1.0
20730880,2268,ক্যাম্পাসকে ছাত্ররাজনীতি মুক্ত রাখতে শিক্ষকদের পাশে চান তারা,84.61538462,1.0
20730877,2268,ঢাকায় অনারের আরও নতুন দুটি আউটলেট উদ্বোধন,84.61538462,1.0
20730872,2268,বেপরোয়া গাড়ি চালানোর কারণে দুর্ঘটনা বাড়ছে: জামায়াত,84.61538462,1.0
20730871,2268,ঈদের আগে রেমিট্যান্স কমলো,84.61538462,1.0
20730869,2268,আদালতের রায় আবরারের হত্যাকারীদের উৎসাহিত করেছে: রিজভী,84.61538462,1.0
20730867,2268,এতিম ও দরিদ্রদের নিয়ে দিরাই রিপোর্টার্স ইউনিটির ইফতার,84.61538462,1.0
20730864,2268,জুয়েলারি ব্যবসায়ীদের বিশেষ আর্থিক সেবা দেবে পকেট,84.61538462,1.0
20730215,2268,ইতিহাসের পাতায় ‘স্বৈরশাসক’ হিসেবে আরওয়ামী লীগের নাম লিপিবদ্ধ থাকবে : সালাম,84.61538462,1.0
20728169,2268,তৃতীয় দিনের মতো আজও ক্লাস-পরীক্ষা বর্জন বুয়েট শিক্ষার্থীদের,84.61538462,1.0
20730024,2268,আদালতের আদেশ শিরোধার্য: বুয়েট ভিসি,84.61538462,1.0
20728167,2268,বুয়েটে ছাত্র রাজনীতি করার অনুমতি চেয়ে হাইকোর্টে রিট,84.61538462,1.0
20725796,2268,এপ্রিলে ভোক্তা ঋণে সুদ গুনতে হবে ১৪.৫৫ শতাংশ,84.61538462,1.0
20725803,2268,ঈদে শাওন-সাদিয়ার ‘ধানসিঁড়ি’,84.61538462,1.0
20725802,2268,মোশাররফ-মাহির ‘নেশার লাটিম’,84.61538462,1.0
20725801,2268,সরাইলে ৩ মাসে ৫ খুন,84.61538462,1.0
20725800,2268,সাতক্ষীরায় খাদ্যবান্ধব কর্মসূচির ১৭ বস্তা চাল উদ্ধার,84.61538462,1.0
20725799,2268,টেকনাফে এবার শিক্ষক অপহরণ ১২ লাখ টাকা মুক্তিপণ দাবি,84.61538462,1.0
20725797,2268,ক্ষমতা দেখিয়ে বুয়েটে ছাত্রলীগ,84.61538462,1.0
20725795,2268,বুয়েটে জঙ্গি রাজনীতির প্রমাণ পেলে অ্যাকশন,84.61538462,1.0
20725805,2268,৫০৮ কোটিতে বাড়ি কিনলেন লোপেজ,84.61538462,1.0
20725794,2268,দেশ শ্রীলঙ্কা হবে যারা ভেবেছিল তাদের ধারণা ভুল,84.61538462,1.0
20725793,2268,চাঁপাইনবাবগঞ্জে বীমা দাবির চেক পেয়ে খুশি শতাধিক গ্রাহক,84.61538462,1.0
20725792,2268,আর্থ-সামাজিক উন্নয়নে এডিবি’র আরও সহায়তা চেয়েছেন প্রধানমন্ত্রী,84.61538462,1.0
20725791,2268,মুগ্ধর বোলিং আর খালিদের ব্যাটিংয়ে জয় শাইনপুকুরের,84.61538462,1.0
20725790,2268,টি-টোয়েন্টি দিয়ে শুরু হচ্ছে আঞ্চলিক ক্রিকেট সংস্থা,84.61538462,1.0
20727271,2268,যশোরে বিএনপির ৪৩ নেতাকর্মীকে কারাগারে প্রেরণ,84.61538462,1.0
20725804,2268,‘আমাদের মাঝে কোনো ঝামেলা নেই’,84.61538462,1.0
20725798,2268,"সুনামগঞ্জে আগ্নেয়াস্ত্র নিয়ে চেয়ারম্যান বাহিনীর মহড়া, ভিডিও ভাইরাল",84.61538462,1.0
20727110,2268,"বিক্ষোভে উত্তাল ইসরাইল, নেতানিয়াহুর পদত্যাগ দাবি",84.61538462,1.0
20727107,2268,বকেয়া বেতনের দাবিতে সড়ক অবরোধ করে গাজীপুরে শ্রমিকদের বিক্ষোভ,84.61538462,1.0
20727270,2268,নতুন অধিনায়ক বাবরকে নিয়ে দেয়া আফ্রিদির বিবৃতিটি মিথ্যা,84.61538462,1.0
20726941,2268,"মালয়েশিয়ায় সেকেন্ড হোম গড়েছেন ৩,৬০৪ জন বাংলাদেশি",84.61538462,1.0
20727269,2268,কেন আয়ারল্যান্ড ইউরোপের মধ্যে সবচেয়ে ফিলিস্তিনপন্থী,84.61538462,1.0
20727268,2268,সিটি-আর্সেনাল মহারণ ড্র,84.61538462,1.0
20727267,2268,৯ই এপ্রিল ছুটিতে মন্ত্রিসভার না,84.61538462,1.0
20727111,2268,"গাজার নির্যাতিত শিশুদের পাশে বাংলাদেশি সংগঠন লাভ শেয়ার বিডি, ১০ হাজার ডলার অনুদান",84.61538462,1.0
20727109,2268,দৃঢ়তা দেখাচ্ছেন জাকির-তাইজুল,84.61538462,1.0
20727108,2268,তুরস্কের স্থানীয় সরকার নির্বাচনে এরদোগানের প্রার্থীদের পরাজয়,84.61538462,1.0
20727106,2268,বিলবাওকে হারিয়ে শিরোপার আরো কাছে রিয়াল,84.61538462,1.0
20727105,2268,কেন সরকারি অনুষ্ঠানে 'রেড কার্পেট' নিষিদ্ধ করেছে পাকিস্তান?,84.61538462,1.0
20727104,2268,মোহাম্মদপুরে ২৫ দিন শেকলে বেঁধে তরুণীকে সংঘবদ্ধ ধর্ষণ,84.61538462,1.0
20727103,2268,মেজাজ হারালেন সারা,84.61538462,1.0
20726943,2268,ঈদের ছুটিতে হাসপাতালে পর্যাপ্ত জনবল রাখাসহ ১২ নির্দেশনা,84.61538462,1.0
20726942,2268,আজ ঢাকার বায়ু সংবেদনশীল গোষ্ঠীর জন্য অস্বাস্থ্যকর,84.61538462,1.0
20731575,2244,"

ক্যাম্পাসগুলোতে ভিন্ন মতালম্বী সংগঠনকে কাজ করতে দিচ্ছে না ছাত্রলীগ : শিবির সভাপতি
",82.05128205,148.0
20730654,2244,"

রোহিঙ্গাদের প্রত্যাবাসনে ইন্দোনেশিয়া ও আইওএমের সহযোগিতার আহ্বান পররাষ্ট্রমন্ত্রীর
",82.05128205,148.0
20730658,2244,"

২১ রোজাই করা শিশু মালিহার পানিতে ডুবে মৃত্যু
",82.05128205,148.0
20730662,2244,"

কিডনি দিয়ে ছেলের প্রাণ রক্ষা করলেন বাবা
",82.05128205,148.0
20730206,2244,"

লাভলী রহমানের মৃত্যু, বিএনপির শোক
",82.05128205,148.0
20731576,2244,"

আল শিফা হাসপাতাল থেকে ৫০০ জনকে আটক করল ইসরাইল
",82.05128205,148.0
20730652,2244,"

ঈদের আগের মাসে রেমিট্যান্স প্রবাহে ভাটা
",82.05128205,148.0
20731577,2244,"

রাজধানীতে কিশোর গ্যাংয়ের ১৬ সদস্য আটক
",82.05128205,148.0
20730653,2244,"

জাতীয় বিশ্ববিদ্যালয় : অভিযুক্ত বড় মনিরকে অপসারণ
",82.05128205,148.0
20730207,2244,"

বিএনপির আইন সম্পাদকের বাবার মঙ্গলবার তৃতীয় মৃত্যুবার্ষিকী
",82.05128205,148.0
20730650,2244,"

ভুয়া ও এই ডামি নির্বাচন জনগণ প্রত্যাখ্যান করেছে : সাবেক স্বরাষ্ট্রমন্ত্রী
",82.05128205,148.0
20730645,2244,"

জলবায়ু অভিযোজনে প্রতি বছর ব্যয় ৩.৫ বিলিয়ন ডলার : পরিবেশমন্ত্রী
",82.05128205,148.0
20730212,2244,"

 ইসরাইল আল-শিফা থেকে সেনা প্রত্যাহার করেছে : হামাস
",82.05128205,148.0
20730211,2244,"

তৃতীয় দিন শেষেও চালকের আসনে শ্রীলঙ্কা
",82.05128205,148.0
20730210,2244,"

সাতক্ষীরা মেডিক্যাল কলেজে ছাত্রলীগের ২ গ্রুপের সংঘর্ষ
",82.05128205,148.0
20730209,2244,"

৪ হাজার রানে ক্লাবে মুমিনুল
",82.05128205,148.0
20730208,2244,"

আওয়ামী লীগ রাষ্ট্রীয় ক্ষমতা সম্পূর্ণ কুক্ষিগত করে ফেলেছে : সালাম
",82.05128205,148.0
20731579,2244,"

৭ জানুয়ারির ভোটে আওয়ামী লীগের খরচ পৌনে ৩ কোটি টাকা
",82.05128205,148.0
20731578,2244,"

চাঁদাবাজির প্রতিবাদে ভৈরবে বেসরকারি ক্লিনিক-হাসপাতালে ওষুধ সরবরাহ বন্ধ
",82.05128205,148.0
20732372,2244,"

এই সরকার জনগণের ভোটে নির্বাচিত নয় : প্রিন্স
",82.05128205,148.0
20731580,2244,"

ফুয়াদ হত্যা : ইউপি চেয়ারম্যান জেসমিনের বাড়িতে হয় গোপন বৈঠক
",82.05128205,148.0
20732366,2244,"

জামিনে মুক্তি পেলেন বিএনপির দুলু
",82.05128205,148.0
20730204,2244,"

লেখাপড়ার স্বার্থে রাজনীতি বন্ধ রাখবে কি না এ সিদ্ধান্ত বুয়েটের : গয়েশ্বর রায়
",82.05128205,148.0
20732373,2244,"

ডেমরায় গ্যারেজে থাকা ভলভো বাসে আগুন, নিয়ন্ত্রণে ৬ ইউনিট
",82.05128205,148.0
20732371,2244,"

জবির আইন বিভাগের চেয়ারম্যানের পদত্যাগ
",82.05128205,148.0
20732370,2244,"

কেজরিওয়ালের গ্রেফতার কি ভারতের বিরোধী জোটকে এককাট্টা করতে পারবে?
",82.05128205,148.0
20732369,2244,"

সিলেটের শিলাবৃষ্টির আকার কি অস্বাভাবিক?
",82.05128205,148.0
20732368,2244,"

কম্বোডিয়ায় ‘সাইবার জালিয়াতিতে যুক্তদের’ উদ্ধার করছে ভারত
",82.05128205,148.0
20732367,2244,"

বিরাজনীতিকরণের নামে বুয়েটকে জঙ্গিবাদের আখড়া বানানো যাবে না : পররাষ্ট্রমন্ত্রী
",82.05128205,148.0
20732365,2244,"

কেজরিওয়ালের গ্রেফতার কি ভারতের বিরোধী জোটকে এককাট্টা করতে পারবে?
",82.05128205,148.0
20731581,2244,"

‘দেশে ন্যায় বিচার প্রতিষ্ঠার জন্য ল’ইয়ার্স কাউন্সিল কাজ করে যাচ্ছে’
",82.05128205,148.0
20732364,2244,"

তামাক বিরোধীদের বাজেট প্রস্তাব বাস্তবায়ন হলে ১১ লাখ অকাল মৃত্যুরোধ সম্ভব
",82.05128205,148.0
20731587,2244,"

ইসরাইলের সাথে সমন্বয় করে গাজায় বাহিনী পাঠিয়েছে ফাতাহ, অভিযোগ হামাসের
",82.05128205,148.0
20731586,2244,"

বাস ভাড়া কিলোমিটারে ৩ পয়সা কমিয়ে প্রজ্ঞাপন
মঙ্গলবার থেকে কার্যকর
",82.05128205,148.0
20731585,2244,"

শান্তিকামী মানুষের আন্দোলন বন্দুক দিয়ে থামিয়ে রাখা যায় না : ড. মঈন খান
",82.05128205,148.0
20731584,2244,"

ঢাকাস্থ রংপুর ছাত্রফোরামের সভাপতি মাহিন, সম্পাদক ইমরান
",82.05128205,148.0
20731583,2244,"

মাদারগঞ্জে পাগলা কুকুরের কামড়ে ৭ জন আহত
",82.05128205,148.0
20731582,2244,"

ট্রেনের নিচে ঝাঁপ দিয়ে গৃহবধূর আত্মহত্যা, বাঁচাতে গিয়ে প্রাণ গেল কলেজছাত্রের
",82.05128205,148.0
20730205,2244,"

গ্যাস বিস্ফোরণ : চিকিৎসাধীন বাবা-মা ও সন্তানের মৃত্যু
",82.05128205,148.0
20725338,2244,"

মাহি ম্যাজিকেও হলো না শেষরক্ষা, পন্থের দুরন্ত ব্যাটিংয়ে চেন্নাই জয় দিল্লির
",82.05128205,148.0
20725339,2244,"

গণমাধ্যমকে দেশের ইতিবাচক দিক তুলে ধরতে হবে : পররাষ্ট্রমন্ত্রী
",82.05128205,148.0
20725397,2244,"

বিদ্যুৎ বিভ্রাটে ভোগান্তি বাড়ছে ফরিদপুরে
",82.05128205,148.0
20725406,2244,"

 মার্সেল ফ্রিজ কিনে ১০ লাখ টাকা পেলেন গৃহিণী ঝর্ণা
",82.05128205,148.0
20725405,2244,"

বাজারের নতুন পণ্য ‘লাক্সারি ম্যাট’
",82.05128205,148.0
20725404,2244,"

লেনদেন ও সূচক বেড়েছে উভয় শেয়ারবাজারে
দর বেড়েছে ২৭৩টির, কমেছে ৭৪টির এবং অপরিবর্তিত রয়েছে ৪৯টির
",82.05128205,148.0
20725403,2244,"

স্ট্যান্ডার্ড ব্যাংকের ৩৮৯তম বোর্ডসভা অনুষ্ঠিত
",82.05128205,148.0
20725402,2244,"

দুস্থদের মাঝে স্বাধীনতা ব্যাংকার্স পরিষদের খাদ্যসামগ্রী  বিতরণ
",82.05128205,148.0
20725401,2244,"

 বেক্সিমকোর ২ হাজার ৬২৫ কোটি টাকার বন্ড আসছে
",82.05128205,148.0
20725400,2244,"

 বশেমুরকৃবিতে ডিজিটাল স্কিলস ফর স্টুডেন্টস প্রশিক্ষণ উদ্বোধন
",82.05128205,148.0
20725399,2244,"

মার্কেন্টাইল ব্যাংকের ‘রামপুরা শাখা’ স্থানান্তর
",82.05128205,148.0
20725398,2244,"

ঘাটাইলে শিক্ষার আলো ছড়াচ্ছে অনুসন্ধান স্কুল
",82.05128205,148.0
20725396,2244,"
ইউপি সদস্যের কাছে প্রশাসন অসহায় 
মুরাদনগরে খিড়া নদীতে বাঁধ দিয়ে কৃষিজমির মাটি নিচ্ছে ইটভাটায়
",82.05128205,148.0
20725385,2244,"

লালমোহনে ৯ মাসের শিশুর গলা কাটল দুর্বৃত্তরা 
",82.05128205,148.0
20725395,2244,"

ঘাঘট নদীর ভাঙন আতঙ্কে পাশপাশের মানুষ
",82.05128205,148.0
20725394,2244,"

ব্রহ্মপুত্রের চর থেকে অটোরিকশাসহ জুয়ার সরঞ্জামাদি  উদ্ধার
",82.05128205,148.0
20725393,2244,"

লালমাইয়ে পানিতে ডুবে তিন বছরের শিশুর মৃত্যু
",82.05128205,148.0
20725392,2244,"

বকশিগঞ্জে স্বামী-স্ত্রীর ঝগড়া থামাতে দায়ের কোপে মা নিহত 
",82.05128205,148.0
20725391,2244,"

পিরোজপুরজুড়ে ভয়ঙ্কর হয়ে উঠছে কিশোর গ্যাং
দেশীয় অস্ত্রসহ গ্যাংয়ের ১৮ সদস্য গ্রেফতার
",82.05128205,148.0
20725390,2244,"

 পাথরঘাটায় এতিমদের নিয়ে প্রতিবন্ধী সোহাগের ইফতার
",82.05128205,148.0
20725389,2244,"

রূপগঞ্জে যুবককে পিটিয়ে দুই পা ভেঙে দিলো সন্ত্রাসীরা
",82.05128205,148.0
20725388,2244,"

 সৈয়দপুর পৌর মেয়রের অপসারণ দাবি
",82.05128205,148.0
20725387,2244,"

বাকপ্রতিবন্ধী সুমাইয়া উচ্চশিক্ষিত হয়ে স্বাবলম্বী হতে চায়
",82.05128205,148.0
20725407,2244,"

লিভারপুল জয়ী
",82.05128205,148.0
20725408,2244,"

অবশেষে জিএম নর্ম ফাহাদের
",82.05128205,148.0
20725409,2244,"

এবারো শুরুটা ১০ উইকেটের হার দিয়ে
",82.05128205,148.0
20725410,2244,"

সাবিনাদের নিয়ে নাসরিনের ট্রফির স্বপ্ন
",82.05128205,148.0
20725429,2244,"

উখিয়ায় পাহাড় কাটায় বাধা, ডাম্প ট্রাকের চাপায় বিট কর্মকর্তার মৃত্যু
",82.05128205,148.0
20725428,2244,"

কুয়ালালামপুরে দেশীয় ইফতারসামগ্রীর পসরা
",82.05128205,148.0
20725427,2244,"
বিভিন্ন ইসলামী দলের বিবৃতি  
পাঞ্জাবির লোগোতে সমকামীদের চিহ্ন ক্ষমার অযোগ্য অপরাধ 
",82.05128205,148.0
20725426,2244,"
প্রতিবাদে মানববন্ধন 
ডেমরায় সড়ক ও জনপদের ২০০ কোটি  টাকার সম্পদ দখল হয়ে যাচ্ছে
",82.05128205,148.0
20725425,2244,"
রাজপথে মৃত্যুর হানা 
সড়কে প্রাণ গেল ৭ জনের
",82.05128205,148.0
20725424,2244,"

সিএনসি স্বাধীনতা পদক পেলেন পাঁচ বিশিষ্ট ব্যক্তি
",82.05128205,148.0
20725423,2244,"

আজ থেকে  সুন্দরবনে মধু আহরণ শুরু
",82.05128205,148.0
20725422,2244,"

 পেনশনের আওতায় আসছেন পাঁচ লাখ বেসরকারি শিক্ষক
যৌক্তিক দাবিতে নমনীয় সরকার প্রস্তুত হচ্ছে খসড়া
",82.05128205,148.0
20725421,2244,"
সাহায্যের আবেদন 
৩২ বছরের মামুন দেখতে শিশুর মতো
",82.05128205,148.0
20725420,2244,"

স্বামীকে বিষপ্রয়োগে হত্যা স্ত্রীর যাবজ্জীবন 
",82.05128205,148.0
20725419,2244,"

ভালো নেই জল্লাদ শাহজাহান তল্পিতল্পা নিয়ে পালাল স্ত্রী
",82.05128205,148.0
20725418,2244,"

 টেকনাফে অপহৃত শিশু ২২ দিন পর লালমাই  থেকে উদ্ধার 
",82.05128205,148.0
20725417,2244,"

 না’গঞ্জে ধর্ষণের পর হত্যা তিনজনের যাবজ্জীবন 
",82.05128205,148.0
20725416,2244,"

কবি আবদুল হাই মাশরেকীর জন্মবার্ষিকী আজ
",82.05128205,148.0
20725415,2244,"
হলমার্ক কেলেঙ্কারি 
রায় শুনে পালিয়ে যাওয়া তেঁতুলঝোড়া ইউপি চেয়ারম্যানের আত্মসমর্পণ
",82.05128205,148.0
20725414,2244,"

দক্ষিণ কোরিয়া যাচ্ছেন সিইসি হাবিবুল আউয়াল
",82.05128205,148.0
20725413,2244,"

নূরীর মা হাফসার জামিন স্থগিতাদেশ তুলে নেয়ার আবেদন শুনানি ৩ এপ্রিল  
",82.05128205,148.0
20725412,2244,"

 উপজেলা নির্বাচন বিধি সংশোধন চায় সাংস্কৃতিক মুক্তিজোট
",82.05128205,148.0
20725411,2244,"

নতুন বলটা হুমকি : হেম্প
",82.05128205,148.0
20725386,2244,"

ঝালকাঠিতে জমে উঠেছে ঈদ মার্কেট
",82.05128205,148.0
20725384,2244,"

দাগনভূঞায় মশার কয়েল কারখানাকে জরিমানা 
",82.05128205,148.0
20730202,2244,"

ইসরাইলে আল জাজিরা বন্ধ করতে চাচ্ছেন নেতানিয়াহু
",82.05128205,148.0
20725350,2244,"

কায়রোয় আবার গাজার যুদ্ধবিরতি আলোচনা শুরু
",82.05128205,148.0
20725359,2244,"

সৃজনশীলতা বৃদ্ধিতে ভিডিও গেমস
",82.05128205,148.0
20725358,2244,"

আসছে নতুন আইপ্যাড প্রো
",82.05128205,148.0
20725357,2244,"

ঈদে মি ফ্যানদের জন্য শাওমির ‘ঈদ উইথ মি’ ক্যাম্পেইন
",82.05128205,148.0
20725356,2244,"

ব্রডব্যান্ডের চেয়ে ৪৫ লাখ গুণ দ্রুতগতির ইন্টারনেট
",82.05128205,148.0
20725355,2244,"

মুহিনের কণ্ঠে এবার স্বাধীনতার গান
",82.05128205,148.0
20725354,2244,"

ইমন সাহার হাত ধরেই প্লেব্যাকে তাদের অভিষেক
",82.05128205,148.0
20725353,2244,"

উইকেট না হারালে শেষ বিকেলটা হতো বাংলাদেশের
",82.05128205,148.0
20725352,2244,"
৯ এপ্রিল ছুটির সুপারিশ  
সরকারের অভিযোগ আমলে না নিলে ফেসবুক ও ইউটিউব বন্ধ
",82.05128205,148.0
20725351,2244,"

 সেপটিক ট্যাংকে শিক্ষার্থীর লাশ
",82.05128205,148.0
20725349,2244,"

খালেদা জিয়া সিসিইউতে
",82.05128205,148.0
20725383,2244,"

নাঙ্গলকোট পৌরসভা বিএনপির ইফতার মাহফিল
",82.05128205,148.0
20725348,2244,"

 ব্যাংক ঋণের সুদ আরো বাড়ছে
",82.05128205,148.0
20725347,2244,"

 দেশের অর্থনৈতিক পরিস্থিতি নিয়ে সব দ্বিধাদ্বন্দ্ব কেটে গেছে : অর্থমন্ত্রী
",82.05128205,148.0
20725346,2244,"

বুয়েটে জঙ্গিবাদের মতো কিছু পাওয়া গেলে অ্যাকশনে যেতে হবে : কাদের
",82.05128205,148.0
20725345,2244,"
চট্টগ্রামে উলামা-মাশায়েখ পরিষদের ইফতার মাহফিল  
অপসংস্কৃতির আগ্রাসন প্রতিরোধে ইমামরা গুরুত্বপূর্ণ ভূমিকা রাখতে পারেন : আ ক ম আবদুল কাদের
",82.05128205,148.0
20725344,2244,"

যারা ভারতের দালালি করে তাদেরকে প্রতিরোধ করতে হবে : মাওলানা জালালুদ্দীন 
",82.05128205,148.0
20725343,2244,"

২০ বছরের অধিক বয়সী বাস প্রত্যাহার করতে হবে : পরিবেশমন্ত্রী
",82.05128205,148.0
20725342,2244,"

ছাত্র রাজনীতির বিপক্ষে যারা কথা বলে তারা উগ্রবাদী শক্তি : বাহাউদ্দিন নাছিম 
",82.05128205,148.0
20725341,2244,"

নারায়ণগঞ্জ বিএনপির ৪৫০ নেতাকর্মীর আগাম জামিন
",82.05128205,148.0
20725340,2244,"

বগুড়ার প্রকৌশলী মিঠুর ২০ বছরের গবেষণার ফল স্থাপত্যশিল্পে বঙ্গবন্ধুর মুখচ্ছবি
",82.05128205,148.0
20725360,2244,"
ভাঙ্গা-যশোর দ্রুতগতির ট্রেন 
অগ্রগতির নতুন নিদর্শন
",82.05128205,148.0
20725361,2244,"
বিক্ষোভে উত্তাল বুয়েট 
ছাত্ররাজনীতিতে আপত্তি
",82.05128205,148.0
20725362,2244,"

বদর যুদ্ধ যা শিক্ষণীয় 
",82.05128205,148.0
20725363,2244,"

ইসলামে পানির গুরুত্ব 
",82.05128205,148.0
20725382,2244,"

নোয়াখালীতে ৭ দোকান আগুনে পুড়ে ছাই
",82.05128205,148.0
20725381,2244,"

গোবিন্দগঞ্জে দুর্র্বৃত্তদের হাতে ব্যবসায়ী নিহত
",82.05128205,148.0
20725380,2244,"
সার্ভার জটিলতা 
হোসেনপুরে প্রাথমিকের শিক্ষকরা বদলির আবেদন করতে পারছেন না
",82.05128205,148.0
20725379,2244,"

অর্থনীতির জন্য এই মুহূর্তের বিবেচনা
",82.05128205,148.0
20725378,2244,"

ইদানীং প্রাসঙ্গিক
",82.05128205,148.0
20725377,2244,"

 সাগর ও আকাশপথে শেনজেন অঞ্চলে যুক্ত বুলগেরিয়া-রোমানিয়া
",82.05128205,148.0
20725376,2244,"

যুক্তরাষ্ট্রে অভিবাসীদের গুরুত্ব বোঝাচ্ছে বাল্টিমোর দুর্ঘটনা
",82.05128205,148.0
20725375,2244,"

সিরিয়ায় গাড়িবোমা বিস্ফোরণে নিহত ৭ আহত ৩০
",82.05128205,148.0
20725374,2244,"

পাকিস্তানে দাঙ্গার ঘটনায় ৫১ জনের ৫ বছর করে কারাদণ্ড
",82.05128205,148.0
20725373,2244,"

দিল্লিকে পূর্ণ রাজ্যের মর্যাদাসহ কেজরিওয়ালের নির্বাচনী ছয় প্রতিশ্রুতি
",82.05128205,148.0
20725372,2244,"

ইউক্রেনকে সাঁজোয়া যান ও ক্ষেপণাস্ত্র দেবে ফ্রান্স
",82.05128205,148.0
20725371,2244,"

পেকারি  
",82.05128205,148.0
20725370,2244,"
উ জ বে কি স্তা নে র   রূ প ক থা 
মৎস্য কুমার
",82.05128205,148.0
20725369,2244,"
জানা-অজানা 
চিরতার গুণ
",82.05128205,148.0
20725368,2244,"
গল্পকথা 
রিশা রাফির দিনগুলো
",82.05128205,148.0
20725367,2244,"

ইতিহাসে আজ
",82.05128205,148.0
20725366,2244,"

আল কুরআনের বাণী
",82.05128205,148.0
20725365,2244,"

হাদিসের কথা
",82.05128205,148.0
20725364,2244,"

প্রশ্নোত্তর
",82.05128205,148.0
20725430,2244,"
উপবৃত্তির নামে প্রতারণা 
‘রাজমিস্ত্রি চক্র’ হাতিয়ে নেয় মোটা অঙ্কের টাকা
",82.05128205,148.0
20725431,2244,"

বেনাপোল বন্দর ছাড়ছেন অসাধু আমদানিকারকরা
",82.05128205,148.0
20725432,2244,"

 ঝড়ের কবলে উড়োজাহাজ
",82.05128205,148.0
20728688,2244,"

৭ উইকেট হারিয়ে ফলোঅনের শঙ্কায় বাংলাদেশ
",82.05128205,148.0
20729606,2244,"

আফগানিস্তানে স্থলমাইন বিস্ফোরণে ৯ শিশু নিহত
",82.05128205,148.0
20729605,2244,"

নেতানিয়াহুবিরোধী বিক্ষোভে উত্তাল ইসরাইল
",82.05128205,148.0
20729604,2244,"

চীনের অর্থনীতিতে এখন ঠিক কী চলছে!
",82.05128205,148.0
20729603,2244,"

উল্লাপাড়ায় মহাসড়ক থেকে লাশ উদ্ধার
",82.05128205,148.0
20728693,2244,"

গাজীপুরে বেতন-ঈদ বোনাসের দাবিতে শ্রমিকদের বিক্ষোভ
",82.05128205,148.0
20728692,2244,"

৭ অক্টোবর পর থেকে ৬০০ সৈন্য নিহত হয়েছে : ইসরাইল
",82.05128205,148.0
20728691,2244,"

অভিযান শেষে আল-শিফা থেকে সৈন্য প্রত্যাহার করল ইসরাইল
",82.05128205,148.0
20728690,2244,"

সারাদেশে বাড়বে দিন, কমবে রাতের তাপমাত্রা
",82.05128205,148.0
20728689,2244,"

শায়েস্তাগঞ্জে ট্রেনের ধাক্কায় নিহত ১
",82.05128205,148.0
20728165,2244,"

৯ এপ্রিলের ছুটির সুপারিশ নাকচ
",82.05128205,148.0
20725433,2244,"

রিক চায় বোকা হতে!
",82.05128205,148.0
20728164,2244,"

দ্বিতীয় ধাপে ১৬১ উপজেলা নির্বাচনের তফসিল ঘোষণা
",82.05128205,148.0
20728163,2244,"

যুদ্ধবিরতির আলোচনায় প্রতিনিধিদল পাঠানো নিয়ে দ্বিধাদ্বন্দ্বে হামাস
",82.05128205,148.0
20728162,2244,"

নীলিমা পয়েন্ট থেকে ৪টি হরিণের চামড়া উদ্ধার
",82.05128205,148.0
20728161,2244,"

নির্বিঘ্নে ভোট দেয়ার পরিবেশ নিশ্চিতে আন্দোলন থেমে নেই : রিজভী
",82.05128205,148.0
20727266,2244,"

টালমাটাল পাকিস্তান ক্রিকেট, ভুয়া বিবৃতি দিয়ে উস্কে দিয়েছে বিতর্ক
",82.05128205,148.0
20727265,2244,"

বিপদে বাংলাদেশ, নেই ৪ উইকেট
",82.05128205,148.0
20727264,2244,"

ঈদে ছুটি ১ দিন বাড়বে কি না সিদ্ধান্ত আজ
",82.05128205,148.0
20727263,2244,"

ফরিদপুরে গাড়িচাপায় বাবা-ছেলে নিহত
",82.05128205,148.0
20727262,2244,"

টিকে থাকার লড়াইয়ে মাঠে নেমেছে বাংলাদেশ
",82.05128205,148.0
20729607,2244,"

ঈদে ৯০ লাখ মানুষ সড়কপথে ঢাকা ছাড়বে
",82.05128205,148.0
20729608,2244,"

ভারতীয় ৫০ হাজার টন পেঁয়াজের প্রথম চালান খালাস হচ্ছে সিরাজগঞ্জে
",82.05128205,148.0
20729609,2244,"

বাসের ভাড়া কমছে ৩ পয়সা
",82.05128205,148.0
20729610,2244,"

বুয়েটে ছাত্ররাজনীতিতে কোনো বাধা নেই : হাইকোর্ট
",82.05128205,148.0
20729944,2244,"

দুর্নীতি মামলায় সাবেক বিচারপতি জয়নুলের বিচার শুরু
",82.05128205,148.0
20729943,2244,"

তাপপ্রবাহে পুড়ছে চুয়াডাঙ্গা
",82.05128205,148.0
20729942,2244,"

ফের ইরাক থেকে ইসরাইলে ড্রোন হামলা
",82.05128205,148.0
20729941,2244,"

আ’লীগ দেশকে দাসত্বের দিকে নিয়ে গেছে : আমিনুল হক
",82.05128205,148.0
20729940,2244,"

রাজবাড়ীতে চাকরির প্রলোভন দেখিয়ে টাকা হাতিয়ে নেয়া চক্রের ৩ সদস্য গ্রেফতার
",82.05128205,148.0
20729939,2244,"

ঘিওরে ৩০০ বছরের ঐতিহ্যবাহী জামাই মেলা শুরু
",82.05128205,148.0
20729938,2244,"

গোবিন্দগঞ্জে সড়ক দুর্ঘটনায় নিহত ৪ পরিবারকে জামায়াতের আর্থিক সহায়তা প্রদান
",82.05128205,148.0
20729937,2244,"

পৃথিবী ঘুরে দেখার স্বপ্ন শাফায়েতের
",82.05128205,148.0
20729936,2244,"

তোশাখানা মামলায় ইমরান খানের সাজা বাতিল
",82.05128205,148.0
20729935,2244,"

ব্রাজিলে ইস্টার সানডে মিছিলে বাসের ধাক্কায় ৪ জন নিহত
",82.05128205,148.0
20729934,2244,"

রাজনগরে অগ্নিকাণ্ডে বৃদ্ধার মৃত্যু
",82.05128205,148.0
20729933,2244,"

এবার তানজানিয়া জয় করল ১০ বছর বয়সী বাংলাদেশী হাফেজ হুজাইফা
",82.05128205,148.0
20729932,2244,"

দেওয়ানগঞ্জে পুলিশ সুপারের বাসার ছাদ থেকে ৪ গন্ধ গোকুল উদ্ধার
",82.05128205,148.0
20729931,2244,"

আড়াই কেজি আফিমসহ চোরাচালান চক্রের নারী সদস্য গ্রেফতার
",82.05128205,148.0
20729930,2244,"

ছাত্ররাজনীতি : বুয়েট ভিসি বললেন- ‘আদালতের আদেশ শিরোধার্য’
",82.05128205,148.0
20729929,2244,"

৮ ও ৯ এপ্রিল ঐচ্ছিক ছুটি নেয়া যাবে : মন্ত্রিপরিষদ সচিব
",82.05128205,148.0
20729928,2244,"

সরকার ত্রাসের রাজত্ব কায়েম করে নাই : কাদের
",82.05128205,148.0
20729927,2244,"

কুমিল্লায় যুবক খুনের দায়ে দু’জনের মৃত্যুদণ্ড
",82.05128205,148.0
20729611,2244,"

নতুন ভেন্যুতে একই গল্প বাংলাদেশের, তবে করতে হচ্ছে না ফলোঅন
",82.05128205,148.0
20727261,2244,"

যশোরের শার্শায় ৩৮ কেজি গাঁজাসহ গ্রেফতার ১
",82.05128205,148.0
20727084,2244,"

গাজার পথে ৪০০ টন ত্রাণ, যথেষ্ট নয় বলছেন মানবতাবাদীরা
",82.05128205,148.0
20727083,2244,"

গাজীপুরের শ্রীপুরে টাইলস কারখানায় আগুন
",82.05128205,148.0
20725454,2244,"

সরকার জিয়াউর রহমানের নাম মুছে ফেলার চক্রান্ত করছে : মির্জা ফখরুল
",82.05128205,148.0
20725452,2244,"

ঠাকুরগাঁওয়ের ঐতিহাসিক জিনের মসজিদ নিয়ে যত কথা
",82.05128205,148.0
20725451,2244,"

অব্যাহত রুশ হামলার মুখে আরো সহযোগীকে বরখাস্ত জেলেন্সকির
",82.05128205,148.0
20725450,2244,"

ক্যাম্পাসে নারী শিক্ষার্থীর নিরাপত্তা
",82.05128205,148.0
20725449,2244,"

অস্টিয়োপোরেসিসের সমস্যা! সুস্থ থাকতে ৩ পরামর্শ
",82.05128205,148.0
20725448,2244,"

অবৈধ চীনা মাছধরা বন্ধে সহযোগিতা করবে যুক্তরাষ্ট্র ও আর্জেন্টিনা
",82.05128205,148.0
20725447,2244,"

কিনমেনের কাছে চীনা ড্রোনের চিত্র ধারণের নিন্দা তাইওয়ানের সামরিক বাহিনীর
",82.05128205,148.0
20725446,2244,"

তুরস্কে প্রধান নগরীগুলোতে জয়ের পথে বিরোধী দল
",82.05128205,148.0
20725445,2244,"

বুয়েটের ছাত্র আন্দোলন নিয়ে অ্যাকশনের হুমকি
",82.05128205,148.0
20725444,2244,"

আর্থসামাজিক উন্নয়নে এডিবির আরো সহায়তা চেয়েছেন প্রধানমন্ত্রী
",82.05128205,148.0
20725443,2244,"
সিয়াম সাধনার মাস 
সিয়ামের অনুষঙ্গ সদাকাতুল ফিতর
",82.05128205,148.0
20725442,2244,"

 মালয়েশিয়ার শ্রমবাজার আজ থেকে বন্ধ হলো  
",82.05128205,148.0
20725441,2244,"

তুরস্কে স্থানীয় নির্বাচনে ভোট গ্রহণ
",82.05128205,148.0
20725440,2244,"

বেনারসি পল্লীতে শাড়ির দামে বেকুব ক্রেতা
",82.05128205,148.0
20725439,2244,"

জামায়াত-অজামায়াত কিছুই বুঝি না, বুঝি প্রার্থী প্রার্থীই : ইসি রাশেদা সুলতানা 
",82.05128205,148.0
20725438,2244,"

সোহেল ও অমিতসহ বিএনপির ৫২ নেতা কারাগারে
",82.05128205,148.0
20725437,2244,"

ড্রেজিংয়ে অনিয়ম-দুর্নীতিতে ১০ নৌপথ পরিত্যক্ত
এসসিআর এফের প্রতিবেদন
",82.05128205,148.0
20725436,2244,"

ভারতের পেঁয়াজের প্রথম চালান ঢুকেছে দর্শনা বন্দর দিয়ে
",82.05128205,148.0
20725435,2244,"

 কৃষি বিপণন অধিদফতরের ব্যর্থতায় ভুগছেন কৃষক ও ভোক্তা
",82.05128205,148.0
20725434,2244,"

ঢাকা ও চট্টগ্রামে ভারতীয় পেঁয়াজ ৪০ টাকা কেজি দরে বিক্রি হবে : বাণিজ্য প্রতিমন্ত্রী
",82.05128205,148.0
20725453,2244,"
হেলথ টিপস 
কিডনিতে পাথরে করণীয়
",82.05128205,148.0
20725455,2244,"

ট্রান্সকমের শীর্ষ ৩ জনকে দেশে ফেরার ৭২ ঘণ্টার মধ্যে আত্মসমর্পণের নির্দেশ
",82.05128205,148.0
20727082,2244,"

ডিএমপির অভিযানে গ্রেফতার ২৯
",82.05128205,148.0
20725456,2244,"

জবির বিতর্কিত কর্মকর্তা আলতাফকে অপসারণ 
",82.05128205,148.0
20727081,2244,"

ঢাকায় ওভারব্রিজে আটকে গেলো উড়োজাহাজ!
",82.05128205,148.0
20727080,2244,"

প্রাণ গ্রুপে চাকরির সুযোগ
",82.05128205,148.0
20727079,2244,"

মেহেরপুরে ট্রাকের ধাক্কায় ২ সাইকেল আরোহী নিহত
",82.05128205,148.0
20726939,2244,"

কালবৈশাখী ঝড় ও শিলাবৃষ্টিতে বিপর্যস্ত সিলেট
",82.05128205,148.0
20726938,2244,"

ম্যানসিটি-আর্সেনালের ড্রয়ে জিতল লিভারপুল
",82.05128205,148.0
20726937,2244,"

তুরস্কে স্থানীয় নির্বাচন : ইস্তাম্বুল ও আংকারায় বিরোধীদের জয়ের দাবি
",82.05128205,148.0
20725962,2244,"

মোটরসাইকেল দুর্ঘটনায় হলিউড অভিনেতার মৃত্যু
",82.05128205,148.0
20725468,2244,"

জেলেনস্কির আয় বেড়ে তিন গুণ
",82.05128205,148.0
20725467,2244,"

অর্থনীতির জন্য এই মুহূর্তের বিবেচনা
",82.05128205,148.0
20725466,2244,"

পদত্যাগ করবেন না পেরুর প্রেসিডেন্ট
",82.05128205,148.0
20725465,2244,"

জোড়াতালি দিয়ে চলছে জামালপুরের একমাত্র স্বাস্থ্য শিক্ষাপ্রতিষ্ঠান
",82.05128205,148.0
20725464,2244,"

খালেদা জিয়াকে চিকিৎসা জন্য বিদেশে পাঠানোর আহ্বান জামায়াতের
",82.05128205,148.0
20725463,2244,"

ঈদের বিশেষ নাটক ‘আমরা বোকা না’
",82.05128205,148.0
20725462,2244,"

বদর যুদ্ধের শহীদ সাহাবায়ে কিরাম
",82.05128205,148.0
20725461,2244,"

ইদানীং প্রাসঙ্গিক
",82.05128205,148.0
20725460,2244,"

সরকারি অনুষ্ঠানে লাল গালিচা নয় : শাহবাজ
",82.05128205,148.0
20725459,2244,"

ক্যাম্পাসে নারী শিক্ষার্থীর নিরাপত্তা
",82.05128205,148.0
20725458,2244,"

পান্নুন হত্যাচেষ্টা : তৃতীয় পক্ষের পরামর্শ নাকচ করল ভারত
",82.05128205,148.0
20725457,2244,"

রাজাপুর থানায় সাংবাদিককে লাঞ্ছিত করার প্রতিবাদে মানববন্ধন
",82.05128205,148.0
20730203,2244,"

রাজনগরে আগুনে পুড়ে বৃদ্ধার মৃত্যু
",82.05128205,148.0
